-- Generation time: Mon, 16 Dec 2019 18:52:28 +0000
-- Host: mysql.hostinger.ro
-- DB name: u574849695_24
/*!40030 SET NAMES UTF8 */;
/*!40101 SET @OLD_CHARACTER_SET_CLIENT=@@CHARACTER_SET_CLIENT */;
/*!40101 SET @OLD_CHARACTER_SET_RESULTS=@@CHARACTER_SET_RESULTS */;
/*!40101 SET @OLD_COLLATION_CONNECTION=@@COLLATION_CONNECTION */;
/*!40103 SET @OLD_TIME_ZONE=@@TIME_ZONE */;
/*!40103 SET TIME_ZONE='+00:00' */;
/*!40014 SET @OLD_UNIQUE_CHECKS=@@UNIQUE_CHECKS, UNIQUE_CHECKS=0 */;
/*!40014 SET @OLD_FOREIGN_KEY_CHECKS=@@FOREIGN_KEY_CHECKS, FOREIGN_KEY_CHECKS=0 */;
/*!40101 SET @OLD_SQL_MODE=@@SQL_MODE, SQL_MODE='NO_AUTO_VALUE_ON_ZERO' */;
/*!40111 SET @OLD_SQL_NOTES=@@SQL_NOTES, SQL_NOTES=0 */;

DROP TABLE IF EXISTS `acotor_films`;
CREATE TABLE `acotor_films` (
  `actor_id` bigint(20) unsigned NOT NULL,
  `film_id` bigint(20) unsigned NOT NULL,
  PRIMARY KEY (`actor_id`,`film_id`),
  KEY `film_id` (`film_id`),
  CONSTRAINT `acotor_films_ibfk_1` FOREIGN KEY (`actor_id`) REFERENCES `actors` (`id`) ON DELETE CASCADE ON UPDATE CASCADE,
  CONSTRAINT `acotor_films_ibfk_2` FOREIGN KEY (`film_id`) REFERENCES `films` (`id`) ON DELETE CASCADE ON UPDATE CASCADE
) ENGINE=InnoDB DEFAULT CHARSET=utf8 COLLATE=utf8_unicode_ci;

INSERT INTO `acotor_films` VALUES ('1','106'),
('2','84'),
('2','137'),
('3','61'),
('3','137'),
('6','24'),
('6','149'),
('9','15'),
('9','41'),
('9','115'),
('10','84'),
('11','11'),
('12','25'),
('13','7'),
('13','36'),
('13','91'),
('14','113'),
('15','40'),
('16','61'),
('16','86'),
('16','123'),
('18','142'),
('19','116'),
('21','57'),
('23','116'),
('24','149'),
('26','17'),
('26','77'),
('27','67'),
('29','147'),
('30','15'),
('30','125'),
('31','40'),
('31','60'),
('31','62'),
('32','86'),
('33','36'),
('34','114'),
('35','110'),
('35','144'),
('36','3'),
('37','2'),
('37','83'),
('37','106'),
('37','135'),
('38','82'),
('38','84'),
('39','69'),
('41','69'),
('41','78'),
('42','19'),
('43','34'),
('43','39'),
('44','123'),
('45','19'),
('45','123'),
('46','43'),
('47','29'),
('47','94'),
('47','104'),
('48','59'),
('48','93'),
('48','110'),
('49','46'),
('51','43'),
('52','30'),
('52','145'),
('53','1'),
('53','123'),
('53','145'),
('55','20'),
('55','25'),
('55','28'),
('56','11'),
('59','50'),
('59','69'),
('59','115'),
('62','45'),
('62','71'),
('62','77'),
('63','126'),
('64','49'),
('65','132'),
('67','68'),
('68','47'),
('68','64'),
('69','28'),
('69','98'),
('69','140'),
('70','4'),
('70','33'),
('70','141'),
('71','103'),
('71','121'),
('73','118'),
('74','2'),
('76','103'),
('77','53'),
('77','72'); 


DROP TABLE IF EXISTS `actors`;
CREATE TABLE `actors` (
  `id` bigint(20) unsigned NOT NULL AUTO_INCREMENT,
  `full_name` varchar(50) COLLATE utf8_unicode_ci DEFAULT NULL,
  `date_of_birth` date DEFAULT NULL,
  `bio` text COLLATE utf8_unicode_ci DEFAULT NULL,
  PRIMARY KEY (`id`)
) ENGINE=InnoDB AUTO_INCREMENT=81 DEFAULT CHARSET=utf8 COLLATE=utf8_unicode_ci;

INSERT INTO `actors` VALUES ('1','Charley Pfannerstill DVM','2014-04-01','Ut iure soluta magni rem. Ut non voluptatem facilis tempore consectetur.'),
('2','Miss Jaida Bode','2004-02-19','Veniam velit numquam velit sapiente. Sint harum amet delectus dolores nihil velit. Vitae non itaque accusamus laborum nulla sint.'),
('3','Vincenza Braun IV','2010-08-06','Quos nostrum alias consequuntur ea culpa. Ad ad iste est dolorem aut ipsam facere dolorum. Qui voluptas culpa temporibus eius nobis.'),
('4','Delta Bruen','2006-06-30','Consequatur at totam deleniti sunt natus. Optio consequatur voluptatem ut sit officia assumenda sunt excepturi. Quas quibusdam nihil possimus occaecati ut laborum.'),
('5','Mrs. Aurore O\'Reilly','1999-05-29','Tempore reprehenderit quo deserunt dolorem et ad. Culpa inventore eum consequuntur nemo voluptas natus. A ducimus sint modi laudantium dolore et. Saepe suscipit debitis et quidem quaerat.'),
('6','Constantin Borer','1980-11-06','Illo quas repudiandae voluptates ut nihil. Cum officia dolores nisi qui repudiandae dicta veniam. Iusto consequatur dolorem et laudantium officiis. Incidunt totam quo cupiditate ut adipisci sed.'),
('7','Francisca Windler','1977-08-09','Ex libero dolor non. Sit natus molestiae molestiae.'),
('8','Mrs. Vicenta Zemlak Jr.','2008-12-16','Placeat voluptatem a nisi minima qui nihil. Magni est aspernatur quisquam doloremque rerum debitis earum. Quisquam minus odit nihil.'),
('9','Mallie Collins I','1981-06-06','Omnis odit reiciendis et minus non est explicabo. Voluptatem explicabo enim rerum. Amet maxime aut vero itaque sed impedit. Harum et eveniet tempore iure.'),
('10','Meredith Bergstrom I','1998-01-26','Impedit aspernatur aut sequi veritatis at corporis. Autem porro enim tempore ad. Sequi similique voluptatem saepe mollitia vero dolorum incidunt. Quia occaecati magni architecto modi.'),
('11','Fausto Thiel','1995-05-14','Quo dolorem eos rerum qui qui vero voluptate. Delectus veniam ducimus dolorem ipsam repellat voluptas ut. Magni eius a voluptatibus ducimus exercitationem debitis et totam.'),
('12','Lindsey Bogan','2011-09-23','Quasi natus fugit natus. Ut quas explicabo aut maiores. Eius hic cumque voluptate sunt animi dolorem ipsa.'),
('13','Evelyn Bailey','1994-11-16','Voluptatibus tempore hic provident nemo. Voluptatem odio assumenda quos est tenetur ipsa et. Ad expedita atque quos ut aut est.'),
('14','Mrs. Lynn Lebsack III','1979-01-06','Facere quam vero ullam aliquid dolor. Dolore suscipit laudantium eveniet fugiat aliquid. Quas aliquam et deleniti velit. At natus et mollitia dolorum quos ut qui.'),
('15','Theresia Robel','1972-11-08','Quo aperiam pariatur accusantium provident sunt quasi aut. Distinctio illum soluta sapiente rerum laudantium quibusdam laborum. Repellendus et minima earum. Accusantium distinctio officia hic.'),
('16','Dr. Jabari Swaniawski I','2017-06-24','Aut ut expedita ratione dicta et. Assumenda quia non earum est nisi ut quis iste. Fugit distinctio qui aliquid voluptatem laudantium.'),
('17','Maribel Pagac','2005-05-29','Consequatur possimus ex ex nobis sit similique. Libero ut ut dignissimos. Eos quo iusto nulla omnis dicta. Eum et earum aliquid similique.'),
('18','Raleigh Reilly','2003-06-14','Voluptatem suscipit provident minima eaque rem enim. Culpa saepe sunt est temporibus unde assumenda rerum.\nIpsum dolores distinctio nobis qui at. Consequatur odit non accusamus ut dolorum ea debitis.'),
('19','Dr. Tania Raynor Jr.','1991-06-29','Neque nisi et nemo in non molestiae. Natus soluta laboriosam commodi veniam molestias ab fuga. Quia fugiat eius deleniti voluptas. Ex eum mollitia ut id quas temporibus dolorem.'),
('20','Mr. Madisen Kling','1996-09-15','Velit possimus fuga ut. Consequatur labore modi eum natus vel in. Provident eligendi sed officiis dolorem eius. Delectus quo ut repellat laborum ipsum quisquam.'),
('21','Araceli Klocko II','2017-12-23','Laudantium reprehenderit et dolorem unde. Fugiat eos quidem veniam in similique sint. Molestias maxime inventore architecto maxime quibusdam veritatis quis. Et saepe facere aut excepturi vero sed et.'),
('22','Domenick Turcotte Jr.','1981-03-19','Earum architecto aperiam debitis. Similique hic iusto quia corrupti in necessitatibus officiis. Repudiandae velit aut adipisci et ipsam. Sit eligendi excepturi qui sunt id qui.'),
('23','Olga Williamson','1992-09-13','Ut est fuga quo blanditiis et placeat magni. Sunt commodi qui dolores repellendus. Enim dignissimos et ea est natus maxime praesentium.'),
('24','Mr. Gino Johns II','2006-02-22','Et eum est veniam libero et. Voluptas facere vero labore placeat consequatur sit a. Voluptatem vitae deleniti cupiditate hic qui aperiam quia neque.'),
('25','Prof. Queenie Kihn','1972-08-06','Quia corrupti soluta rerum. Neque possimus sapiente eum dolores eum consequatur molestias.'),
('26','Prof. Uriel Kilback IV','2004-06-27','Tempora corrupti dolor sequi et voluptatem voluptatem blanditiis. Et et impedit rerum voluptates in mollitia alias. Nesciunt et voluptas consequatur. Cumque repellat est laborum.'),
('27','Mr. Grover Kuhic','1977-06-09','At voluptate minus optio id ipsum debitis. Eum voluptatum aut aut. Veritatis facere deleniti magni aut nostrum.\nNam enim rerum rerum. Cupiditate praesentium iure quo eius et.'),
('28','Mrs. Kiera DuBuque','1997-04-20','Animi ullam et qui maiores doloribus. Sapiente dignissimos quo harum corporis sed sit assumenda. Aut dolores vitae asperiores.'),
('29','Eleanore Kuhlman','1979-11-19','Ut voluptas occaecati labore vel. Consequuntur sit in rerum delectus est corrupti pariatur. Perferendis id dolor illo vel consequatur. Quae consequatur autem fuga.'),
('30','Jessica Fahey','1970-03-14','Dolores qui minus porro minus non non. Distinctio hic error voluptatibus provident. Consequatur qui ullam aut facere facilis quia libero.'),
('31','Jayne Nolan','2000-07-18','Et ut asperiores earum quis nam voluptas eaque. Voluptas magni sed et eaque aut molestias ad. Porro repellendus fugit officiis in architecto. Et qui distinctio non.'),
('32','Giovanny Beer MD','2017-08-25','Sed accusamus nulla voluptates voluptatem expedita. Dicta cum quia reiciendis provident omnis ut.'),
('33','Ivy Mitchell DVM','1981-05-03','Voluptatem non error doloribus ut odio adipisci sed. Qui explicabo in alias est. Omnis maxime voluptate adipisci perferendis facilis. Labore est veniam ipsam reiciendis.'),
('34','Frederik Welch DVM','1982-04-20','Id optio rerum voluptate vel quo hic laboriosam. Magnam architecto omnis magnam soluta excepturi. Explicabo ad fugit est recusandae voluptatem possimus ut.'),
('35','Ruby Cummerata Sr.','1970-11-21','Ut consequuntur in voluptatibus quas voluptas et. Officia consequuntur officiis aut. Vel et nulla quibusdam. Repudiandae temporibus tenetur reprehenderit et quos nihil ut.'),
('36','Prof. Carleton Koepp DDS','1977-12-14','Unde et at placeat et deleniti sit delectus. Eligendi iusto maxime non porro qui. Dolore laboriosam voluptatem voluptatem reiciendis.'),
('37','Will Stokes','1972-12-07','Aliquam sit veritatis consectetur consequatur est. Doloribus blanditiis impedit repudiandae non provident. Rerum quas omnis et molestias odio.'),
('38','Kylee Hoeger','2017-03-06','Voluptate rem nulla delectus animi corporis quis numquam. Accusamus dolor nemo itaque cum. Voluptatem sapiente soluta qui dolore ea.'),
('39','Bert Carter','1992-07-03','Rerum omnis pariatur consequuntur rerum iure earum eligendi. Facere dolor tempore vel culpa architecto. Nihil et pariatur odio sed aspernatur iure sint. Commodi alias est ea vel ut iusto occaecati.'),
('40','Thurman Hirthe','2000-09-20','Optio consectetur dignissimos nam est. Sunt accusamus deserunt et dicta nesciunt. Voluptatum odio minima quia eos dignissimos facere in. Dicta dolorem reiciendis ab sed sed quos.'),
('41','Alec Waters','2002-09-07','Cumque et cum odit. Itaque natus eius ipsam ad. Sit sunt praesentium voluptatem. Veniam velit reprehenderit dolores esse.'),
('42','Llewellyn Glover','1987-07-10','Et error beatae unde quia. Rem sequi ad vero eius dolorem officia dolores.\nEx consequatur quod ad dicta commodi sint. Sit nihil esse rem aut et repudiandae.'),
('43','Aaron Kessler','1983-06-10','Veniam labore est incidunt voluptas perferendis maiores quia molestiae. Voluptate qui quis officia vel est id vitae. Et quae rerum ut libero qui. Est voluptatum similique tempora occaecati totam.'),
('44','Carroll Schowalter','1972-09-08','Molestiae corrupti voluptas nobis libero labore. Consequatur inventore voluptate doloribus sequi perferendis molestiae ut. Neque et nostrum delectus.'),
('45','Dr. Isaiah Mosciski III','2004-01-13','Dolorem expedita voluptatem voluptatem et aperiam reprehenderit qui. Consequuntur natus voluptatum officiis sapiente.'),
('46','Mr. Vito Labadie','2000-07-30','Eos quasi et facere facere a libero maxime. Aliquam odit eum blanditiis veritatis aperiam occaecati.'),
('47','Annamarie Weimann DVM','2006-02-09','Voluptatem labore odit molestiae possimus reiciendis et dolorem. Maxime repudiandae natus molestiae voluptatum error ut qui et.'),
('48','Mr. Paolo Schulist','2011-09-10','Odit nesciunt facere quisquam ipsa aut tempora commodi. Modi autem ipsam iure qui odit. Voluptatem itaque aut quis ea et rerum quis. Ut quod voluptas voluptatem iure similique vel aut dolor.'),
('49','Buck Douglas','1974-05-18','Libero ipsam voluptatem aspernatur ratione provident modi ut. Velit distinctio cum error quod a omnis accusamus. Magnam laborum at animi est rerum.'),
('50','Brayan Ferry','1994-04-10','Consequatur non ipsum tempore. Quis fugit sit facilis tempora.'),
('51','Miss Joanny Schaden','1985-11-11','Provident dolor distinctio quam enim. Odit sed sunt nemo id autem qui. Quaerat aliquam eligendi est blanditiis et.'),
('52','Laila Labadie','2019-01-04','Ullam est vero laboriosam. Molestias sit quas ipsam non inventore et commodi. Labore unde velit placeat vero ut fugiat.'),
('53','Louisa Reichert','1991-03-10','Architecto est est impedit error libero et. Qui ut provident rerum neque beatae qui incidunt. Dicta consequuntur fugiat sunt minima saepe.'),
('54','Adolf O\'Reilly','2019-06-30','Itaque in consequatur sequi fugiat sapiente deleniti non voluptatibus. Placeat sequi itaque tenetur deserunt. Optio doloremque qui qui assumenda corrupti.'),
('55','Deonte Littel','1992-02-02','Quas culpa fugiat laudantium nobis iure. Deserunt officiis natus dolor ullam voluptas accusamus sapiente. Aut quae minima perferendis hic magni.'),
('56','Leonel Ritchie V','1982-11-11','Ducimus accusamus dolor quia enim quam est nisi. Commodi dignissimos quisquam et dolorum. Repudiandae ex error accusantium aut perferendis. Aperiam sit deserunt suscipit magni cum cum quo dolorem.'),
('57','Florencio Reilly','2019-11-01','Est quos ex ut non. Eligendi hic et quaerat quia voluptatem. Incidunt ea delectus ex placeat. Consequuntur aperiam sunt explicabo quo totam eum nihil.'),
('58','Dr. Isaac Crist MD','2011-04-04','Est aut est vel placeat. Ipsa in quo nam repellendus eum in. Harum quidem distinctio in modi accusantium voluptas reprehenderit. Alias et error quos exercitationem pariatur quaerat odio omnis.'),
('59','Adolph Will','1980-09-25','Placeat in blanditiis et quis aperiam. Dolorem voluptatem iusto architecto libero ad sequi id. Ut deserunt repellendus ipsa illum.'),
('60','Prof. Nicholas Hane I','2007-03-30','Voluptates totam quo veritatis eos quidem. Qui unde non est animi. Deserunt tempora culpa quia totam natus. Sit tempora iste recusandae repellat magni autem et voluptatem.'),
('61','Zachery Lueilwitz Sr.','1982-05-04','Commodi ut fuga ipsam. Asperiores eius nam voluptatem modi perspiciatis. Dolore voluptatem dolor ullam tempora molestiae est nam. Aliquid voluptate distinctio quo minima ut.'),
('62','Waylon Tillman IV','1975-05-23','Id saepe maiores nobis perspiciatis. Et praesentium aut eos perspiciatis non corporis. Dolorum sint ab quas quia ducimus placeat fugiat. Sit consequatur quis laboriosam atque et veniam.'),
('63','Margot Spinka','1980-07-05','Enim dolorem id et molestiae. Eius minus omnis omnis minus dolorem vel minus. Asperiores alias saepe qui et. Alias ratione et sapiente culpa.'),
('64','Dr. Richie Gibson I','2000-03-24','Qui earum nobis qui ut. Rerum et accusamus ducimus. Dolores vel quia qui et nesciunt adipisci. Dolores sed quia repellendus culpa laudantium natus ex. Voluptas debitis enim ipsum consequatur unde.'),
('65','Ardith Dietrich I','2000-03-12','Est dolores sit est similique sed aliquid maiores. Natus cumque excepturi omnis eius dolorum commodi.'),
('66','Kacie Denesik','1985-08-20','Tenetur vero id voluptas nemo officiis placeat. Magnam accusantium omnis autem quis aut. Ad nostrum quia sapiente aut totam ab earum.'),
('67','Prof. Ezra Ward','1978-01-20','Qui et iure quia dolor. Repudiandae nulla quo quia nisi voluptatem aut. Molestias aut consectetur voluptates veniam nihil magnam. Voluptates sunt voluptates ut sit aspernatur qui illum.'),
('68','Maxime Leffler','2015-11-24','Quo omnis ea molestiae consequatur. Maiores eum occaecati voluptatem doloribus a. Quia molestiae ut rem quasi optio mollitia quos.'),
('69','Hattie Kirlin','2017-06-21','Minima cupiditate beatae sed cumque. Eos qui assumenda laudantium vel minima facilis sint. Ut ducimus eum numquam perspiciatis est. Enim provident nam aut possimus voluptatum voluptatem.'),
('70','Dax Deckow','2000-04-29','Dicta repudiandae nostrum suscipit fuga doloremque ipsa sed consequuntur. Suscipit quae officiis et sunt rerum facere porro.'),
('71','Rocky Yundt V','2001-04-24','Id mollitia voluptatem maxime aspernatur iusto et sint delectus. Qui expedita est autem ducimus. Aliquid ut nostrum pariatur sit.'),
('72','Cade Cruickshank','2000-02-15','Est quia consectetur natus ut consequatur. Dolore rerum soluta temporibus ut cupiditate voluptates. Veritatis non soluta et voluptatibus aut error. Atque sint corrupti ad quisquam.'),
('73','Mrs. Kelly Gleason','1984-12-31','Iure iste quam non corporis velit. Consequatur in eum consectetur vitae. Magni minima voluptatum eum autem accusamus ratione ut. Ea et porro eaque id aut in.'),
('74','Dr. Aryanna O\'Keefe','1993-06-26','Quidem dolores explicabo eaque omnis expedita nostrum sit. Quo harum illum ullam qui. Modi quasi ea quod nam. Unde deleniti sunt magnam velit magnam aut.'),
('75','Mr. Brady Skiles','1994-01-10','Illo est ut eveniet qui rerum occaecati. Qui unde iste tenetur reprehenderit nostrum eius voluptate neque. Quibusdam voluptatem sunt atque quam itaque et.'),
('76','Wilma Swift','1996-08-23','Enim laboriosam eius rerum quo. Ipsa aut omnis aut nihil consequatur dicta magnam. Laborum dolorem placeat ipsam necessitatibus illo non quia.'),
('77','Sierra Satterfield MD','1986-01-20','Quos est earum similique dolorum suscipit voluptatem veniam. Velit sint distinctio dolores alias aut. Delectus doloremque sit et eius in eligendi. Non exercitationem optio rerum ab quia consequatur.'),
('78','Nicole Hand','1984-08-31','Molestiae autem at debitis quas explicabo magnam. In expedita voluptas quo amet. Laboriosam quibusdam quae sequi rem culpa laborum dicta. Eaque dolorem ad dolores soluta qui.'),
('79','Brant Howe','2012-03-15','Culpa animi et numquam et officiis quidem. Impedit consequatur sed quia est ut nihil culpa. Iste non sint voluptas nihil quia. Sit dolore nesciunt et sapiente ut.'),
('80','Zita Walker','1984-11-16','Quaerat quaerat rerum aut deserunt aliquam sint. Modi quos inventore cupiditate atque sunt. Dolorem tempora natus quis et magni sequi.'); 


DROP TABLE IF EXISTS `cinema`;
CREATE TABLE `cinema` (
  `id` bigint(20) unsigned NOT NULL AUTO_INCREMENT,
  `name` varchar(30) COLLATE utf8_unicode_ci NOT NULL,
  `city` varchar(30) COLLATE utf8_unicode_ci NOT NULL,
  `street` varchar(30) COLLATE utf8_unicode_ci NOT NULL,
  `about` text COLLATE utf8_unicode_ci DEFAULT NULL,
  PRIMARY KEY (`id`)
) ENGINE=InnoDB AUTO_INCREMENT=31 DEFAULT CHARSET=utf8 COLLATE=utf8_unicode_ci;

INSERT INTO `cinema` VALUES ('1','illum','Stoltenbergborough','Heights','vero'),
('2','vero','West Trevahaven','Lodge','fugiat'),
('3','id','Lake Stevie','Fort','nostrum'),
('4','molestiae','Lake Cynthia','Springs','quo'),
('5','sed','Yesseniachester','Tunnel','totam'),
('6','voluptate','Olaffort','Wall','nostrum'),
('7','explicabo','Smithamfurt','Viaduct','vel'),
('8','rerum','East Chaya','Burg','voluptas'),
('9','aspernatur','Paucekfurt','Neck','cum'),
('10','dignissimos','West Vilmaville','Plains','delectus'),
('11','dolorum','Moniqueland','Terrace','repellat'),
('12','harum','East Tabitha','Crescent','quia'),
('13','omnis','Amyaburgh','Terrace','et'),
('14','commodi','Tatyanaside','Throughway','harum'),
('15','nostrum','North Brittany','Field','quod'),
('16','pariatur','Spinkaland','Spur','corporis'),
('17','qui','East D\'angelo','Wall','quae'),
('18','ab','South Ayana','Estate','soluta'),
('19','iure','Port Santinaburgh','Plain','eligendi'),
('20','corporis','Melvinshire','Crossroad','aliquid'),
('21','porro','Bufordfurt','Way','repellat'),
('22','officia','Macejkovichaven','Cove','numquam'),
('23','consectetur','Moenland','Lane','impedit'),
('24','et','South Reanna','Bypass','deserunt'),
('25','asperiores','East Melynaport','Plaza','omnis'),
('26','et','Demarioburgh','Throughway','libero'),
('27','ducimus','Port Rod','Tunnel','ullam'),
('28','quia','North Aubree','Center','distinctio'),
('29','voluptas','New Tyra','Isle','ea'),
('30','amet','Wittingchester','Grove','cumque'); 


DROP TABLE IF EXISTS `comments`;
CREATE TABLE `comments` (
  `author_id` bigint(20) unsigned NOT NULL,
  `post_id` bigint(20) unsigned NOT NULL,
  `comment_body` text COLLATE utf8_unicode_ci DEFAULT NULL,
  `comment_time` datetime DEFAULT current_timestamp(),
  PRIMARY KEY (`author_id`,`post_id`),
  KEY `post_id` (`post_id`),
  CONSTRAINT `comments_ibfk_1` FOREIGN KEY (`author_id`) REFERENCES `users` (`id`) ON DELETE CASCADE,
  CONSTRAINT `comments_ibfk_2` FOREIGN KEY (`post_id`) REFERENCES `posts` (`id`)
) ENGINE=InnoDB DEFAULT CHARSET=utf8 COLLATE=utf8_unicode_ci;

INSERT INTO `comments` VALUES ('11','64','Recusandae sequi atque est sit atque voluptate perferendis in. Incidunt numquam id ut aut. Deleniti repellendus sed illum tenetur. Eum qui sit ipsam eveniet.','2017-07-15 15:27:20'),
('11','113','Fugiat aut repudiandae consequatur officia. Est pariatur magnam quos repellendus consequatur id cum consequatur. Ab saepe voluptatem temporibus vero quas nisi sit.','2017-05-19 05:23:32'),
('13','128','Ea ut modi odit laboriosam. Adipisci explicabo omnis facere commodi veritatis excepturi quidem. Esse omnis rerum sequi aut. Qui vitae possimus voluptatem.','1996-12-25 20:10:13'),
('14','93','Earum voluptatem rerum ad quia doloribus enim cum. Recusandae ut in voluptatem omnis reiciendis quia et. Ipsa dolor eligendi voluptas. Illo perferendis perferendis est.','2017-06-11 05:25:14'),
('15','51','Eos fugit voluptatem aut maxime tenetur nam quia numquam. Nihil earum aut ratione rerum iste. Adipisci assumenda hic facilis tempora blanditiis eligendi et. Culpa perferendis nulla possimus asperiores voluptatem. Similique doloribus facilis ipsam explicabo quis dolor ea nostrum.','2007-11-06 13:34:18'),
('16','77','Enim ullam voluptas consequuntur officiis dolor. Dicta eveniet tempora dolorem iure sequi nulla id. Distinctio in qui excepturi hic.','1983-02-01 17:03:45'),
('18','110','Unde suscipit et nostrum mollitia laboriosam. Consequatur minima ex sint unde accusamus accusamus. Distinctio maxime maiores quae dolorem distinctio quia.','2008-10-04 06:52:39'),
('21','36','Et enim mollitia et velit assumenda aut. Suscipit nostrum est ratione est laboriosam. Molestiae iusto esse cupiditate voluptas neque aut labore.','2018-11-12 00:22:30'),
('24','45','Excepturi nihil mollitia minima unde soluta sapiente est. Quasi placeat laborum non quia. Quae magnam aut in praesentium quo.','1994-08-27 00:35:03'),
('25','2','Neque quis commodi autem tenetur iusto aliquid. Velit quae perspiciatis vero molestiae. Incidunt aut totam quae cum tenetur eos.','2006-10-19 13:24:55'),
('26','92','Corrupti perspiciatis dicta laudantium et aliquid labore. Consequatur et aspernatur excepturi. Quaerat quia eos odio alias autem dolore et. Illum nemo asperiores quis facere.','1974-07-16 23:19:55'),
('27','81','Quia culpa provident maxime et qui molestiae. Eos quia rem itaque eaque placeat. Rerum in repudiandae repudiandae qui.','1991-07-13 07:51:38'),
('27','89','Velit architecto dolorum perspiciatis repudiandae culpa suscipit. Eveniet temporibus tempora et ad fugit voluptas quisquam. Impedit iure inventore sed. Accusantium temporibus sint dolor laudantium ipsa.','1971-12-29 06:12:54'),
('28','10','Inventore alias et rerum ad ullam. Doloremque itaque pariatur ad sed saepe temporibus. Voluptas autem dolorem dolores officia.','2018-06-12 06:50:53'),
('30','79','Molestias velit voluptates omnis magni at. Aliquam ex officia quia omnis.','1992-03-10 13:04:55'),
('35','5','Et ipsum quia magni qui rerum. Quasi sunt voluptatem reiciendis nisi autem unde. Sint doloremque aut velit placeat. Quam et fugit corrupti maxime possimus placeat consequatur.','1975-02-05 22:48:35'),
('41','1','Inventore delectus corporis ipsa. Et quia aperiam non quod ea unde eveniet unde. Cumque ex perspiciatis autem omnis tempora cumque. Dignissimos sint quas ad quibusdam.','1997-05-08 18:53:57'),
('41','36','Facilis rem est ducimus qui quia in. Ipsam est enim ea. Sit totam ipsa illum aliquid provident ipsa.','1995-12-27 18:05:01'),
('42','47','Non enim qui ad reprehenderit. Et nulla asperiores modi eligendi iusto iure vel. Illum doloremque doloremque molestiae quaerat consequatur aperiam velit.','1978-03-28 07:14:39'),
('43','120','Totam itaque ab aut accusamus voluptates repudiandae recusandae. Dignissimos exercitationem harum dolor debitis. Consequatur omnis ratione delectus animi ratione sit amet. Quam dolores nesciunt voluptatum velit quis.','1974-10-16 21:35:43'),
('46','134','Magni sit asperiores aliquid sed sunt unde. Dicta qui dolorum nemo facilis molestiae. Adipisci neque et cumque voluptas sint numquam.','2015-03-18 11:32:41'),
('47','64','Consequuntur est rerum cumque corporis. Esse sint eum aut atque reprehenderit soluta. Neque eum nisi rerum. Quod iusto autem delectus culpa.','1995-09-26 06:28:18'),
('53','42','Sit corrupti asperiores corrupti culpa magni cumque quo. Omnis quia amet tenetur voluptas doloribus debitis.','1972-09-17 18:56:41'),
('55','101','Sit nihil dicta quo. Eum numquam accusamus suscipit possimus aperiam tempora illum sint.','1978-12-22 16:50:25'),
('57','33','Voluptate eveniet cum quia sit repudiandae animi voluptate. Et sed ut eos. Sed placeat et atque eaque deleniti sit ut quis. Ut quia quae et dolores.','2016-03-14 15:30:28'),
('58','2','Fugit modi aliquam rerum officia eum delectus qui. Officiis veritatis sint sunt autem autem ut. Temporibus ut omnis culpa sed voluptas odit odio.','1977-03-16 23:42:33'),
('62','17','Nostrum repellendus consequatur repudiandae rerum omnis in esse. Dolores corporis maxime quis excepturi amet incidunt. Illo qui minus est accusamus doloribus debitis.','2006-05-31 19:38:27'),
('63','72','Aut odio laborum qui sunt sunt et quae. Magni dignissimos aut voluptatem provident aut laborum. Magni commodi natus similique dolor et et. Molestiae qui quia laboriosam eaque laboriosam qui sit. Magni facere ut asperiores id.','1990-03-29 14:46:20'),
('65','130','Ut autem sapiente ex molestiae sequi. Esse officiis error nostrum ipsam dolor asperiores. Eos ut et accusamus quo.','1974-04-25 18:35:47'),
('66','67','Autem aliquam dignissimos unde cumque voluptatum. Iste maiores incidunt et quia iure alias ut aut. Nemo delectus nulla fugiat. Porro ut cum libero rerum.','2002-10-22 19:51:02'),
('68','108','Tempora accusamus illum tenetur laborum. Facere aliquid a illo culpa dolorem deserunt. Non ea hic non.','1995-09-19 15:02:48'),
('73','5','Quaerat dolorem nemo commodi et quis dolorem consequatur. Fuga quidem eius dignissimos occaecati est voluptatem id. Sequi nam aut qui est. Beatae voluptas itaque quasi maxime.','2009-09-17 08:52:59'),
('76','5','Recusandae aut non omnis animi dolorum officiis. Quasi corrupti et asperiores eos et. Vitae numquam molestias impedit laudantium quasi. Autem sed nulla nisi itaque pariatur voluptatem tempore.','1993-05-03 23:13:49'),
('83','42','Laudantium cupiditate rerum eligendi nisi consequatur id. Nisi ullam aut cumque excepturi velit exercitationem. Enim odio aliquid quia eius voluptas.','1975-04-14 03:48:26'),
('91','80','Est dolor omnis quaerat dicta. Iure odit consequatur placeat veritatis ut cum quia incidunt. Tenetur laudantium temporibus laborum sequi dolore veniam omnis. Est dolorem autem velit nulla est dolor.','1970-12-25 07:08:00'),
('94','122','Perspiciatis sed incidunt ipsa maiores non. Ex illo expedita totam non necessitatibus et molestias officia. Quod occaecati sed dolor aliquid quia. Suscipit consequatur voluptatibus cumque a velit.','1995-01-14 18:55:16'),
('95','66','Sint itaque ipsum molestiae hic eius. Eligendi fuga esse adipisci doloribus. Omnis cum sit doloremque delectus sit sed magni.','1994-03-04 07:20:00'),
('95','70','Officia dolorum quia et porro sunt inventore est. Et repellat dolorum impedit possimus. Aliquid asperiores nobis in distinctio laborum officiis. Veritatis quae quaerat accusantium quam commodi. Provident quasi repellat error consequatur similique.','2006-10-19 15:53:13'),
('101','77','Molestiae porro quia eos aut aperiam dolor unde. Et provident nihil amet ut eius. Natus natus sint qui minima aut.','2009-11-09 00:33:45'),
('102','13','Error nisi est tempore unde quas quia. Itaque omnis laboriosam et et.','1975-02-14 00:47:41'),
('102','117','Aspernatur nostrum et nihil quis aut. Autem sequi dolores autem soluta velit eligendi ut. Velit ea quisquam fuga provident ut expedita. Est adipisci voluptate eum. Officia veniam laborum porro provident.','1984-02-11 06:42:28'),
('104','143','In accusamus enim beatae sunt. Quaerat sit alias laborum. Placeat quo ut aspernatur consequuntur dolores eveniet rerum exercitationem. Provident dolor nihil sunt sed.','1974-02-20 22:03:22'),
('105','18','Voluptas quo culpa perferendis maxime sit aut rerum. Ratione quod dolorem nemo animi numquam. Porro voluptates unde aut non itaque blanditiis.','1972-05-26 09:34:01'),
('109','37','Repellendus cumque consequatur id iure rerum sunt officia excepturi. Et sed aut cumque voluptatem in incidunt inventore. Iure voluptas nemo molestias eum. Minima officia consequatur unde est veniam expedita.','1970-02-17 14:05:57'),
('110','41','Aut delectus reiciendis iusto. Qui modi nesciunt voluptatem minima labore accusantium. Libero numquam ab dolorem. Repudiandae ea eum reprehenderit harum.','2014-05-02 22:49:59'),
('114','33','Iure non doloribus suscipit praesentium id ratione ex. Voluptatem dignissimos vel earum veritatis. Molestias enim ullam qui hic.','1992-10-31 13:22:26'),
('114','47','Omnis molestias nemo aliquid quis odit. Vel ut voluptate ut accusantium et ullam dolore necessitatibus. In quo facilis quasi sequi. Fugiat quos vel doloribus eligendi sint ipsam.','1982-08-26 09:52:29'),
('114','52','Eius odio numquam odit deserunt natus. Expedita dolore nulla vitae qui. Nihil nam officia sed saepe id. Provident expedita sed iure a harum quis.','1995-04-03 05:38:15'),
('116','65','Et est voluptatem quod aspernatur. Distinctio iste nihil et repellendus assumenda nam libero. Nesciunt cupiditate impedit aut hic unde totam sequi reprehenderit.','1977-08-01 11:41:42'),
('119','67','Maiores quia aliquam doloremque omnis. Nisi voluptates repellat quibusdam sit laboriosam aut delectus. Harum quis eligendi saepe aspernatur dignissimos vero repudiandae.','1970-04-02 06:34:59'); 


DROP TABLE IF EXISTS `directors`;
CREATE TABLE `directors` (
  `id` bigint(20) unsigned NOT NULL AUTO_INCREMENT,
  `name` varchar(40) COLLATE utf8_unicode_ci DEFAULT NULL,
  `bio` text COLLATE utf8_unicode_ci DEFAULT NULL,
  `birthday` date DEFAULT NULL,
  `gender` char(1) COLLATE utf8_unicode_ci DEFAULT NULL,
  PRIMARY KEY (`id`),
  KEY `name` (`name`)
) ENGINE=InnoDB AUTO_INCREMENT=61 DEFAULT CHARSET=utf8 COLLATE=utf8_unicode_ci;

INSERT INTO `directors` VALUES ('1','Valerie Graham','Commodi voluptatum quibusdam enim et vitae. Molestias officiis qui facere rerum mollitia et quia. Numquam sed ut dolorum voluptas reprehenderit.','1999-05-18','f'),
('2','Citlalli Hammes','Rerum ut vero quisquam. Doloribus modi quos dolorum fugiat cumque dolorem debitis. Earum minima eveniet sit magnam.','2005-03-30','f'),
('3','Dr. Verla Rolfson','Dolores aut architecto nisi velit. Dolore ut nobis harum earum tenetur dolorum. Assumenda nulla sint et consequatur consequuntur.','2006-08-06','m'),
('4','Mrs. Roberta Zieme','Qui ut impedit facilis. Et porro minima itaque voluptatem porro sit. Dicta quia itaque quasi autem. Culpa qui dolor architecto laboriosam voluptatem rem et.','1987-07-14','f'),
('5','Ms. Karli Parker II','Nesciunt maxime et eos repellat blanditiis. Accusantium qui beatae quis molestias pariatur fugiat. Alias sunt dolorem soluta odio inventore.','1970-01-29','m'),
('6','Monroe Schinner PhD','Et unde rerum iste qui. Aut expedita itaque tenetur architecto mollitia natus. Qui id et sint doloribus voluptatum laborum qui.','1974-11-11','f'),
('7','Leonor Kohler','Et facere repellendus est est laborum. Dolorem neque necessitatibus ut accusamus sequi. Qui maiores nesciunt dicta.','1996-01-02','f'),
('8','Jeromy Stehr','Quibusdam qui nemo provident voluptatem quibusdam nemo sed. Commodi non ducimus eum in occaecati. Vitae enim dolorem perspiciatis totam.','1988-05-08','f'),
('9','Brigitte Rempel','Id sunt est ipsa ullam ut quaerat. Ea est laboriosam eaque molestiae qui.','2009-01-31','f'),
('10','Delilah Gulgowski','Omnis ullam hic laboriosam suscipit nam libero. Quasi laborum nesciunt occaecati commodi labore.','1994-07-09','f'),
('11','Jeanette Weimann','Rerum similique non sed provident architecto est porro eum. Et quae illo aut veritatis quasi dolores est.','1993-10-20','m'),
('12','Mr. Jayson Balistreri','Laborum modi enim reprehenderit fugit repellat numquam ipsa. Vero ipsum est dolor a. Qui dolorum quo et dolor recusandae ex. Ratione nostrum sit quod.','1979-12-20','m'),
('13','Kay Price','Ipsum eligendi eveniet quibusdam qui aperiam. Aut deleniti debitis molestiae vel placeat.','1998-01-06','m'),
('14','Arlo Ebert','Optio voluptas et in doloremque numquam expedita vitae. Culpa in quasi dolore et accusantium. Impedit sed nam eos blanditiis officia.','1988-07-13','m'),
('15','Brooks Hagenes','Non commodi quo ducimus cupiditate. Debitis autem nam vitae quos. Voluptatem non esse quae.','2016-01-07','m'),
('16','Juston Fay','Aut aut suscipit soluta non adipisci. Et eligendi non dolores. Impedit mollitia ut in deleniti voluptas.','1999-01-10','f'),
('17','Mr. Newton Daugherty','Itaque sed saepe rerum sit qui rem pariatur ullam. Eos mollitia est architecto voluptates sed. Quasi nobis porro velit consectetur illo sit saepe iure.','1994-03-12','m'),
('18','Prof. Jordyn Hamill V','Eum eum porro assumenda soluta quae. Commodi tempora asperiores dolorem et sequi saepe numquam. Eos et nobis quis rerum. Hic et molestiae beatae ad eos velit.','2009-12-26','f'),
('19','Amir O\'Keefe','A nulla quidem labore vel. Necessitatibus expedita exercitationem aut quas quia alias. In reprehenderit et recusandae numquam ut laudantium occaecati. Assumenda inventore harum et laborum.','1995-10-02','m'),
('20','Ms. Aliza Mosciski','Aliquid ipsam iusto dolores iste explicabo. Est qui ut fugit corrupti nulla facilis. Harum rerum quam dolore eaque similique fuga voluptates.','2007-10-22','f'),
('21','Dr. Hilbert Schroeder','Eum repellendus repellendus aut autem. Culpa nisi non sint excepturi repudiandae amet. Facere qui sequi non enim quisquam sunt.','2016-07-23','f'),
('22','Dakota Koss','Sint voluptatibus et sed dolore rerum quasi minima. Repellat dolores inventore consectetur tenetur et aut amet veritatis. Id est blanditiis iure sunt labore.','1982-12-23','m'),
('23','Guy Runte','Aut culpa minus non voluptatem quas in natus. Amet iure impedit voluptatem molestiae laborum. Ut non mollitia laboriosam earum minus.','2006-03-18','m'),
('24','Prof. Bailey Braun','Ex dolorum eos dolores quaerat quos beatae. Vel facere sunt nulla. Modi enim aut est optio omnis rerum sint. Accusamus delectus est ut in aliquam eligendi.','2009-06-26','f'),
('25','Mr. Mark O\'Keefe','Delectus minima quae sint ut. Debitis beatae voluptatum quisquam pariatur. Rerum officiis voluptates quam tempore reiciendis repellendus animi.','2000-04-04','f'),
('26','Wilfrid Heathcote','Adipisci enim quisquam qui cupiditate molestiae. Molestiae dicta a ut non. Eos dolore porro culpa. Qui laborum rerum eum officiis quis eum voluptatem.','2012-12-05','f'),
('27','Edythe Jaskolski','In enim necessitatibus atque iste nostrum dolor rerum. Quas rerum cumque repudiandae culpa quasi. Cum incidunt veniam quaerat aut.','2009-04-10','m'),
('28','Tyrese Cummerata Jr.','Ipsa necessitatibus nobis quibusdam quam consequatur itaque. Nemo et incidunt magnam ut. Totam repellat voluptas consequatur repellat ut soluta voluptatum. Quo nihil perspiciatis accusamus quia.','1985-01-05','f'),
('29','Jamarcus Wehner','Quia dolorum odio vel suscipit. Nostrum dicta saepe aperiam accusantium. Deleniti quod consectetur dolor nihil vel eum velit delectus.','1986-11-19','f'),
('30','Effie Dibbert','Veniam ea error qui voluptatum et. Ullam nulla magnam facere cum inventore quibusdam. Perferendis illo et quod dolore eveniet sed sit quia.','2001-02-12','f'),
('31','Prof. Wallace Dach','Fugit nisi est voluptatibus consequatur eveniet saepe. Soluta in at voluptatem iure. Omnis libero a eligendi ea. Sed dolore ipsam omnis voluptates aperiam nam neque.','1991-03-11','f'),
('32','Imelda Kemmer','Ut deserunt adipisci eum quisquam beatae. Expedita quia sit iure odit. Eum quasi in quia nostrum debitis ut eum est. Cum et necessitatibus et officia ut dolorem praesentium.','1990-10-26','m'),
('33','Brianne Keebler','Libero dolor voluptate itaque at. Qui doloribus et laudantium. Pariatur commodi enim eaque tenetur veritatis consectetur dolor. Voluptatem unde nostrum et voluptas sit voluptas.','1985-12-20','f'),
('34','Chaya Bailey','Ut cum nostrum illo reprehenderit perspiciatis. Quasi illum magni quidem temporibus quis cum. Nobis molestias quia asperiores dolore aut fugit. Aliquid et est eos a esse.','1988-06-05','f'),
('35','Miss Kiana Stiedemann','Quisquam eveniet delectus dolorem harum. Dolores consequatur vitae placeat molestias qui consectetur facere. Sit quia voluptatem officia. Quia repellat voluptates repellendus et.','1982-08-01','m'),
('36','Efren Schneider','Ullam sed quia voluptate aut omnis. Cupiditate ratione temporibus sint necessitatibus voluptatem qui. Ut ut fuga et eaque pariatur dolorem.','2002-11-24','f'),
('37','Anderson Wintheiser','Ipsum laboriosam delectus repudiandae cum perferendis fugit ea aut. Reprehenderit non non rerum assumenda vero quod.','1970-12-18','m'),
('38','Alvis Jacobs','Laudantium ex ex et expedita iure nostrum voluptatum. Nostrum officia qui suscipit sunt et. Quia delectus eum voluptatem dolorem qui reiciendis iusto.','1980-03-20','f'),
('39','Prof. Andreane Jast','Aut amet molestias impedit quod unde sunt quia non. Dicta tempora est unde labore nostrum. Nostrum saepe aliquid iusto et officia nostrum.','2018-10-05','f'),
('40','Mara Reynolds I','Quia dolorum dolores molestiae dolores rerum. Qui eum consectetur et libero et rem. Et consequatur repellendus enim voluptas aut minus et.','1983-01-15','f'),
('41','Dr. Erica Collier V','Ex natus accusamus et quo veritatis perspiciatis ipsa dolor. Qui quia autem ipsum omnis. Consequatur qui vel sit sapiente. Mollitia voluptatum provident aut.','1970-06-06','m'),
('42','Ida Halvorson','Qui quaerat ea tenetur rem totam dolor. Ab nihil voluptatem impedit. Minima saepe sed iure delectus. Soluta deserunt iste reiciendis et.','2014-06-25','m'),
('43','D\'angelo Gislason II','Sint id incidunt voluptatem eum molestiae. Laborum magnam voluptas eius mollitia blanditiis saepe sunt. Ut cupiditate quia sunt quam officiis qui voluptas amet. Harum qui sed delectus possimus.','1990-07-31','f'),
('44','Mr. Davon Fritsch V','Labore aperiam enim et occaecati at incidunt. Amet sed eos autem velit quas ut quasi fugit. Deserunt repellendus rem delectus corporis ad soluta consequatur.','1989-08-16','m'),
('45','Kyla Rodriguez PhD','Deleniti fugiat itaque et harum laudantium adipisci ea. Ut enim tempore illum. Consequatur quis est repudiandae eum aut iste non aut.','1991-09-22','m'),
('46','Elwyn Reichel','Numquam distinctio quia repellendus voluptatibus. Illum ea et omnis deleniti ex dolorem quia. Iure aperiam et velit voluptas ea dolore. Dolorum animi unde est temporibus quo rerum rerum aut.','1995-04-09','m'),
('47','Prof. Donavon Luettgen','Consectetur adipisci fuga nihil nemo consectetur. Occaecati error nihil illo qui maiores. Assumenda necessitatibus animi est doloremque. Voluptas et sapiente corporis delectus voluptas.','2017-01-24','f'),
('48','Serenity Auer','Aspernatur dolorem in laudantium est adipisci rerum eius. Labore fugit eos impedit error doloremque. Commodi illo eius sint. Veritatis laboriosam sit qui vel.','1988-02-15','m'),
('49','Jewell Smitham Jr.','Enim ut voluptatibus numquam quas suscipit non sed. Est ut consequatur dolore possimus quaerat rerum. Asperiores exercitationem exercitationem quas fugiat omnis.','2000-08-22','f'),
('50','Bette Durgan','Sed accusantium quia adipisci. Est doloribus aspernatur et voluptatem dolorem. Ut non quam qui ad et sint ut architecto. Earum sed hic velit autem deserunt.','2005-12-04','f'),
('51','Kobe Olson','Commodi minima et similique odit neque. In consectetur veniam modi ut voluptatibus quas rerum. Omnis ut fugiat officia officiis.','2019-01-20','f'),
('52','Lon Klocko V','Vel ipsam asperiores non beatae. Facere commodi eum quas et. Ut et ut maiores.','1987-08-30','f'),
('53','Marquise Okuneva III','Suscipit iste vitae velit error qui itaque. Qui et explicabo pariatur iste eos ex exercitationem autem. Eos voluptatibus atque quibusdam labore ut autem ullam.','1989-12-21','f'),
('54','Prof. Ari Kuvalis MD','Qui voluptates excepturi rem molestiae. Sint veniam mollitia harum doloribus dolores omnis occaecati. Et eos dolore voluptatem saepe quos et quaerat enim. Saepe qui incidunt laudantium hic.','2012-03-12','f'),
('55','Allie Bruen','Ex est consequuntur et in et. Accusamus enim autem adipisci nisi qui. Voluptas omnis nostrum eum facilis ipsam omnis laborum. Et eaque laborum excepturi pariatur at.','2017-12-05','f'),
('56','Zelda Marquardt','Eum cum sit dignissimos ut vero. Laborum ipsa sit aspernatur delectus. Consequatur nihil quisquam velit rem blanditiis. Non id aut autem omnis voluptas expedita.','2019-11-23','m'),
('57','Ms. Lila Hyatt V','Maxime ea voluptas quisquam. Facere quasi cupiditate nemo. Assumenda occaecati nam aperiam deserunt ullam quos labore.','1995-07-26','m'),
('58','Art Johnson','Asperiores aspernatur eum voluptatum modi natus qui in. Et eveniet pariatur iusto. Molestias voluptatum molestiae sit sit eos maiores.','1981-06-25','f'),
('59','Gertrude Goldner','Ab ratione assumenda nulla et autem odit. Sunt porro laudantium rerum et labore enim sed minus. Harum distinctio fugit aut id. Aperiam possimus dicta voluptate dignissimos nam.','1993-06-27','f'),
('60','Emilio Ferry','Porro minima voluptas enim et et suscipit minus. Est qui recusandae repellat. Porro aut qui excepturi. Asperiores deserunt accusantium fugit tenetur dolorem dolorem eos.','1994-10-07','f'); 


DROP TABLE IF EXISTS `directors_films`;
CREATE TABLE `directors_films` (
  `id_director` bigint(20) unsigned NOT NULL,
  `id_film` bigint(20) unsigned NOT NULL,
  PRIMARY KEY (`id_director`,`id_film`),
  KEY `id_film` (`id_film`),
  CONSTRAINT `directors_films_ibfk_1` FOREIGN KEY (`id_director`) REFERENCES `directors` (`id`) ON DELETE CASCADE ON UPDATE CASCADE,
  CONSTRAINT `directors_films_ibfk_2` FOREIGN KEY (`id_film`) REFERENCES `films` (`id`) ON DELETE CASCADE ON UPDATE CASCADE
) ENGINE=InnoDB DEFAULT CHARSET=utf8 COLLATE=utf8_unicode_ci;

INSERT INTO `directors_films` VALUES ('1','115'),
('2','83'),
('2','101'),
('3','55'),
('4','30'),
('5','32'),
('6','8'),
('6','134'),
('7','17'),
('8','15'),
('8','54'),
('8','125'),
('11','76'),
('12','113'),
('12','114'),
('12','128'),
('14','142'),
('15','114'),
('16','85'),
('17','31'),
('19','129'),
('20','48'),
('20','78'),
('21','63'),
('21','80'),
('22','47'),
('22','91'),
('22','116'),
('23','10'),
('23','42'),
('24','39'),
('24','56'),
('24','116'),
('25','53'),
('25','54'),
('25','120'),
('27','5'),
('27','7'),
('27','18'),
('29','74'),
('29','93'),
('31','143'),
('32','128'),
('32','150'),
('33','51'),
('34','5'),
('34','24'),
('34','95'),
('37','18'),
('37','83'),
('37','91'),
('39','55'),
('39','56'),
('39','72'),
('40','25'),
('40','36'),
('40','46'),
('40','130'),
('40','141'),
('41','71'),
('41','133'),
('43','47'),
('43','79'),
('44','63'),
('44','145'),
('46','17'),
('46','23'),
('46','149'),
('47','114'),
('48','43'),
('48','113'),
('49','135'),
('50','109'),
('50','135'),
('51','13'),
('51','98'),
('51','115'),
('51','136'),
('52','42'),
('52','71'),
('52','95'),
('53','100'),
('53','119'),
('54','29'),
('54','51'),
('54','57'),
('55','12'),
('55','34'),
('56','35'),
('56','56'),
('56','65'),
('58','75'),
('58','131'),
('59','67'),
('59','105'),
('60','85'),
('60','90'); 


DROP TABLE IF EXISTS `favorites`;
CREATE TABLE `favorites` (
  `user_id` bigint(20) unsigned NOT NULL,
  `film_id` bigint(20) unsigned NOT NULL,
  `to_favorite_time` datetime NOT NULL,
  PRIMARY KEY (`user_id`,`film_id`),
  KEY `film_id` (`film_id`),
  CONSTRAINT `favorites_ibfk_1` FOREIGN KEY (`user_id`) REFERENCES `users` (`id`) ON DELETE CASCADE ON UPDATE CASCADE,
  CONSTRAINT `favorites_ibfk_2` FOREIGN KEY (`film_id`) REFERENCES `films` (`id`) ON DELETE CASCADE ON UPDATE CASCADE
) ENGINE=InnoDB DEFAULT CHARSET=utf8 COLLATE=utf8_unicode_ci;

INSERT INTO `favorites` VALUES ('2','2','1995-12-31 11:02:46'),
('2','114','2012-09-27 07:40:47'),
('3','2','1985-11-05 04:15:55'),
('3','11','1993-02-01 21:38:58'),
('4','19','1978-08-19 03:16:07'),
('4','120','2015-07-03 23:02:53'),
('4','130','1996-03-21 06:12:04'),
('5','27','1975-08-08 03:36:50'),
('5','31','1976-03-05 14:00:13'),
('6','78','1981-05-28 16:47:16'),
('7','88','1993-04-24 00:43:54'),
('7','140','1977-11-06 22:40:51'),
('8','66','1970-04-24 23:46:58'),
('10','93','1973-06-21 04:50:32'),
('11','68','2004-06-26 00:49:28'),
('11','79','2007-01-11 21:25:45'),
('11','82','1979-10-09 16:13:09'),
('12','142','1974-12-20 22:22:10'),
('13','71','2008-08-29 07:38:50'),
('13','87','1980-03-24 02:11:20'),
('13','98','2001-06-30 11:18:26'),
('15','55','1970-12-12 20:53:34'),
('15','78','2008-02-22 18:10:42'),
('15','86','2016-07-19 03:57:28'),
('15','102','2017-08-29 06:07:24'),
('15','121','2000-07-21 06:09:42'),
('16','36','2003-09-23 01:44:25'),
('17','93','1992-02-01 06:39:26'),
('17','99','1997-01-22 08:30:26'),
('17','123','2015-05-07 17:24:52'),
('18','30','2000-03-28 01:53:27'),
('18','49','1990-11-07 13:09:10'),
('18','82','1997-08-08 01:05:45'),
('19','33','1992-06-26 21:19:58'),
('20','119','1992-03-28 20:38:28'),
('21','49','1990-06-12 15:14:45'),
('21','76','2008-09-06 21:52:45'),
('21','116','1986-01-17 19:29:37'),
('22','102','2007-02-25 11:45:31'),
('24','30','2001-08-13 21:55:45'),
('24','36','1975-05-26 17:48:13'),
('24','37','2013-02-04 03:25:53'),
('24','74','1984-07-11 08:05:57'),
('24','106','2001-01-25 03:26:32'),
('25','29','1989-01-26 13:47:38'),
('25','89','1995-11-09 06:18:49'),
('25','120','2005-12-22 14:12:49'),
('26','15','2000-01-11 20:27:31'),
('26','32','1995-08-03 18:16:40'),
('26','42','2013-08-04 01:37:57'),
('26','119','2002-11-03 16:01:13'),
('26','132','1984-07-21 21:26:17'),
('27','18','2009-06-23 05:20:39'),
('27','34','2001-04-10 05:15:05'),
('27','67','2004-08-06 15:30:18'),
('27','120','2013-08-23 00:21:29'),
('28','128','2017-01-30 22:47:09'),
('28','142','1995-06-27 01:35:34'),
('29','84','1998-01-01 04:17:11'),
('30','2','2000-05-21 06:31:56'),
('30','36','1978-03-29 13:14:02'),
('31','10','1975-06-30 11:29:54'),
('31','22','2019-01-23 06:14:00'),
('31','115','1997-06-22 04:25:38'),
('31','145','1993-04-22 09:52:33'),
('32','30','1994-11-09 04:12:01'),
('32','78','1970-12-27 07:05:02'),
('33','89','1978-08-20 00:26:21'),
('35','83','2005-08-20 10:56:43'),
('36','45','1979-12-05 12:05:54'),
('36','76','1985-10-21 09:58:56'),
('36','102','1999-04-28 07:25:48'),
('36','123','1994-11-15 13:31:17'),
('37','69','2014-02-11 17:07:16'),
('37','149','2018-01-12 05:13:26'),
('40','16','1997-05-30 17:01:06'),
('40','67','1997-08-20 05:53:11'),
('41','44','2005-05-23 16:47:25'),
('41','93','2007-10-09 10:00:10'),
('41','135','1981-10-09 14:51:25'),
('42','138','2010-03-03 12:58:30'),
('43','74','2013-03-21 20:08:01'),
('43','81','2006-07-09 18:17:09'),
('43','135','1991-05-09 18:10:17'),
('44','44','1975-07-12 15:20:31'),
('44','81','1999-01-04 16:41:05'),
('44','89','1986-02-02 18:22:39'),
('45','65','1972-08-01 09:46:16'),
('45','84','1970-02-28 12:10:01'),
('46','33','1978-06-15 08:49:09'),
('46','88','1977-06-23 18:25:37'),
('47','111','1988-05-24 20:49:10'),
('48','71','2008-11-17 03:01:08'),
('48','81','1977-12-19 07:38:09'),
('48','141','1998-10-26 22:14:58'),
('50','3','1977-12-20 23:59:30'),
('50','67','2019-01-08 04:44:54'),
('50','73','2001-12-17 15:18:20'),
('52','70','2017-05-09 08:14:05'),
('54','8','2017-10-05 02:05:52'),
('54','126','1978-03-25 15:33:59'),
('54','140','1979-10-10 21:54:34'),
('55','20','1983-08-11 14:42:24'),
('55','38','2000-08-21 14:42:31'),
('55','49','2007-02-06 07:48:09'),
('56','128','1976-05-16 05:36:05'),
('57','10','1992-01-28 17:21:15'),
('57','135','1978-12-03 03:41:57'),
('58','35','2007-07-16 00:53:25'),
('59','15','1983-04-12 21:48:27'),
('60','61','1998-07-02 23:38:49'),
('60','135','1982-10-24 03:30:18'),
('62','24','1997-10-31 21:29:35'),
('62','32','2019-02-15 03:35:36'),
('62','139','2014-07-16 05:15:45'),
('63','54','1974-12-15 12:10:47'),
('64','48','1993-07-06 04:27:35'),
('64','70','2016-12-10 17:54:33'),
('64','73','1996-04-03 13:28:31'),
('64','118','1995-02-23 15:56:27'),
('65','26','1998-03-03 07:04:08'),
('65','60','2013-09-19 16:24:00'),
('65','99','2004-10-07 16:18:26'),
('66','7','2019-03-03 23:52:42'),
('66','59','1985-02-27 02:01:09'),
('69','39','2018-11-19 21:30:37'),
('71','67','1993-10-17 00:03:28'),
('71','93','1981-07-13 00:47:28'),
('71','149','1975-11-04 18:33:44'),
('73','9','1972-08-11 23:49:38'),
('74','26','2000-08-15 09:51:59'),
('74','35','2012-09-07 16:18:06'),
('74','56','2015-12-29 01:43:16'),
('74','142','1987-07-05 15:48:27'),
('75','124','2010-02-21 01:23:10'),
('77','2','1970-09-21 03:11:11'),
('78','8','2016-04-17 01:21:04'),
('78','19','1998-07-23 21:02:55'),
('79','16','1979-02-01 09:07:08'),
('80','147','1976-04-12 19:01:28'),
('82','5','2012-09-21 17:10:48'),
('82','45','1989-11-29 15:06:31'),
('83','64','1998-01-07 14:20:17'),
('83','148','1985-01-24 09:03:48'),
('84','26','2004-02-23 17:34:49'),
('84','42','1981-03-21 23:04:31'),
('85','27','1978-05-07 06:12:32'),
('85','142','1986-02-28 14:43:36'),
('86','74','1995-11-25 17:36:57'),
('87','129','2003-01-01 18:59:24'),
('87','140','2017-04-06 11:05:04'),
('87','147','1989-10-17 19:52:16'),
('89','14','1972-04-16 14:34:11'),
('89','15','1999-08-10 09:28:59'),
('89','40','1989-08-31 01:23:06'),
('89','112','2018-09-16 15:29:33'),
('91','4','1974-10-18 18:53:53'),
('91','99','1991-01-09 04:18:41'),
('93','147','2012-03-26 18:44:00'),
('94','28','1995-12-10 16:02:29'),
('94','32','1994-08-19 10:50:16'),
('95','15','1979-04-06 16:17:21'),
('96','56','1987-09-01 00:36:26'),
('96','141','1971-09-24 16:30:10'),
('98','4','1990-10-26 09:58:22'),
('98','79','1990-12-15 14:23:20'),
('98','86','2019-02-01 03:39:12'),
('98','133','2006-07-02 03:25:19'),
('99','77','2017-07-31 01:23:44'),
('100','52','2004-02-08 12:24:53'),
('100','100','2013-01-05 15:14:48'),
('101','39','1976-04-17 22:10:55'),
('102','1','1982-09-16 10:48:30'),
('103','52','2018-03-10 18:00:03'),
('104','61','1990-03-30 20:28:48'),
('105','113','1972-11-04 13:32:28'),
('106','45','1993-08-23 08:02:14'),
('106','58','1973-03-10 00:04:50'),
('106','130','1995-02-11 01:38:08'),
('107','1','2008-07-15 00:49:02'),
('107','99','1977-02-01 17:14:30'),
('107','121','1992-02-11 16:57:49'),
('110','47','2010-07-18 22:25:30'),
('111','50','1991-07-07 14:21:45'),
('112','32','2015-02-25 17:45:59'),
('112','48','1996-04-06 11:51:44'),
('112','58','1981-08-24 19:46:03'),
('112','129','1973-02-16 20:36:16'),
('113','66','2000-05-13 17:45:46'),
('114','44','1992-06-16 01:09:36'),
('115','91','2017-04-13 14:12:31'),
('116','56','1974-08-04 07:36:18'),
('116','148','1989-12-01 10:34:29'),
('117','90','1998-03-28 02:13:32'),
('117','112','2015-03-27 04:14:38'),
('117','148','2015-01-08 15:24:18'),
('118','54','2019-05-05 22:24:06'),
('118','73','1991-10-20 02:35:05'),
('118','104','1980-06-19 17:29:26'),
('119','10','1970-05-08 02:30:53'); 


DROP TABLE IF EXISTS `films`;
CREATE TABLE `films` (
  `id` bigint(20) unsigned NOT NULL AUTO_INCREMENT,
  `film_name` varchar(30) COLLATE utf8_unicode_ci NOT NULL,
  `release_date` date NOT NULL,
  `director_id` bigint(20) unsigned NOT NULL,
  `main_style` bigint(20) unsigned NOT NULL,
  `sub_style` bigint(20) unsigned NOT NULL,
  `budget_EURO` int(11) DEFAULT NULL,
  `film_total_score` int(11) DEFAULT NULL,
  PRIMARY KEY (`id`),
  KEY `main_style` (`main_style`),
  KEY `sub_style` (`sub_style`),
  KEY `director_id` (`director_id`),
  KEY `film_name` (`film_name`),
  CONSTRAINT `films_ibfk_1` FOREIGN KEY (`main_style`) REFERENCES `genres_type` (`id`) ON UPDATE CASCADE,
  CONSTRAINT `films_ibfk_2` FOREIGN KEY (`sub_style`) REFERENCES `genres_type` (`id`) ON UPDATE CASCADE
) ENGINE=InnoDB AUTO_INCREMENT=151 DEFAULT CHARSET=utf8 COLLATE=utf8_unicode_ci;

INSERT INTO `films` VALUES ('1','veritatis','1987-12-25','1','9','10','53828505',NULL),
('2','nobis','2002-02-10','2','11','13','86758311',NULL),
('3','eum','2002-03-02','3','18','6','43200736',NULL),
('4','aut','1978-08-14','4','7','16','95448292',NULL),
('5','dolor','2003-03-31','5','9','3','94544002',NULL),
('6','eligendi','1975-01-08','6','3','10','29486614',NULL),
('7','nemo','1999-05-05','7','15','6','96514655',NULL),
('8','quibusdam','1997-11-12','8','17','12','87716437',NULL),
('9','dolorem','1997-05-07','9','4','3','47594851',NULL),
('10','officiis','1972-09-21','10','13','17','42862382',NULL),
('11','voluptates','2013-08-21','11','5','1','97745512',NULL),
('12','iure','1997-07-31','12','12','13','66449719',NULL),
('13','omnis','2019-05-29','13','17','7','59575617',NULL),
('14','deserunt','1977-07-06','14','12','16','59894735',NULL),
('15','impedit','2019-01-09','15','6','18','63679460',NULL),
('16','cum','1997-05-13','16','11','14','90232318',NULL),
('17','nam','2007-10-19','17','7','1','17396767',NULL),
('18','in','1983-09-01','18','6','4','40181741',NULL),
('19','rerum','1983-01-11','19','7','13','31138951',NULL),
('20','et','2010-01-12','20','20','15','70776696',NULL),
('21','cumque','1978-09-21','21','16','2','83158425',NULL),
('22','porro','1986-04-26','22','5','10','54941949',NULL),
('23','magni','1976-03-30','23','8','2','86717930',NULL),
('24','eaque','2012-05-01','24','2','12','12434766',NULL),
('25','adipisci','1976-08-02','25','4','14','99716315',NULL),
('26','autem','2004-12-19','26','8','8','26419671',NULL),
('27','fuga','1997-02-18','27','15','20','78636957',NULL),
('28','dolor','1974-12-26','28','1','11','59243435',NULL),
('29','consequatur','2018-10-07','29','7','12','59278132',NULL),
('30','explicabo','1998-12-05','30','7','12','16372070',NULL),
('31','eum','2002-08-08','31','10','17','35768411',NULL),
('32','autem','2004-10-14','32','6','16','69799993',NULL),
('33','fuga','1987-08-25','33','18','12','73675943',NULL),
('34','officiis','1992-04-01','34','20','4','55478712',NULL),
('35','dolor','1979-02-14','35','4','20','81337860',NULL),
('36','qui','1987-08-29','36','19','20','51175310',NULL),
('37','deleniti','2013-01-21','37','2','3','99813996',NULL),
('38','nam','1974-03-18','38','10','10','44615013',NULL),
('39','repudiandae','2001-11-07','39','4','11','84056751',NULL),
('40','vero','2005-05-21','40','1','8','59859308',NULL),
('41','quidem','2012-07-01','41','5','9','96705278',NULL),
('42','est','1991-08-27','42','16','20','77645893',NULL),
('43','suscipit','2015-06-28','43','9','17','82177260',NULL),
('44','minus','1970-07-13','44','11','15','46790391',NULL),
('45','omnis','1982-04-24','45','8','17','52629840',NULL),
('46','animi','1990-02-23','46','7','18','77861276',NULL),
('47','voluptas','2006-12-08','47','14','12','52549477',NULL),
('48','sed','1974-04-21','48','14','11','46863207',NULL),
('49','dolorem','1994-04-27','49','3','14','89802532',NULL),
('50','repellat','2004-01-03','50','14','7','78036441',NULL),
('51','quidem','2012-03-20','51','13','13','58610198',NULL),
('52','voluptas','1989-09-27','52','6','15','45552622',NULL),
('53','quo','2014-07-25','53','15','15','25217265',NULL),
('54','ea','2019-01-17','54','4','19','51633630',NULL),
('55','commodi','1970-08-29','55','6','5','94694975',NULL),
('56','ut','1990-01-02','56','7','11','29246285',NULL),
('57','nesciunt','1981-07-08','57','13','3','60961379',NULL),
('58','in','2003-01-05','58','11','1','49481596',NULL),
('59','ullam','2016-06-03','59','19','1','74952114',NULL),
('60','in','2000-05-24','60','16','7','11939701',NULL),
('61','fugiat','1971-10-15','1','18','2','30693459',NULL),
('62','porro','1983-11-23','2','4','11','86702763',NULL),
('63','impedit','1992-04-12','3','14','17','43769812',NULL),
('64','porro','2006-09-02','4','2','16','74526301',NULL),
('65','consequatur','1984-12-14','5','11','15','72544217',NULL),
('66','et','2019-09-03','6','3','3','41673356',NULL),
('67','dignissimos','1975-02-04','7','7','9','78083788',NULL),
('68','ea','1981-08-07','8','17','2','31515674',NULL),
('69','et','1979-03-18','9','4','1','32822788',NULL),
('70','ut','1979-08-10','10','1','10','63007942',NULL),
('71','autem','2005-06-25','11','5','7','18377609',NULL),
('72','atque','1971-11-22','12','1','18','70479500',NULL),
('73','est','2004-12-28','13','9','11','94407778',NULL),
('74','sint','2007-01-30','14','19','8','20998074',NULL),
('75','sit','1981-04-10','15','11','14','95917916',NULL),
('76','dolor','1982-05-16','16','14','9','56761840',NULL),
('77','minus','1993-02-04','17','16','18','91723940',NULL),
('78','quia','2004-05-27','18','19','9','21817326',NULL),
('79','et','2013-06-04','19','15','20','93807613',NULL),
('80','aliquam','1971-07-09','20','5','5','97264189',NULL),
('81','esse','1994-01-23','21','15','8','53255679',NULL),
('82','impedit','2017-10-10','22','7','2','80499239',NULL),
('83','iusto','1980-08-05','23','17','4','64562479',NULL),
('84','et','2012-07-26','24','4','20','36839986',NULL),
('85','nulla','1977-07-20','25','5','4','88331985',NULL),
('86','autem','1990-05-01','26','10','9','25645460',NULL),
('87','et','2004-12-29','27','10','10','98856103',NULL),
('88','non','2009-07-24','28','7','19','31568101',NULL),
('89','assumenda','2011-06-12','29','20','6','38840914',NULL),
('90','natus','1971-12-29','30','6','11','91643133',NULL),
('91','amet','2010-06-11','31','20','20','85971276',NULL),
('92','unde','2005-11-10','32','19','15','63773855',NULL),
('93','iste','1995-03-16','33','17','18','38413787',NULL),
('94','a','1989-12-19','34','4','11','84360595',NULL),
('95','at','2012-03-14','35','18','8','20670827',NULL),
('96','rerum','2006-07-30','36','16','12','62426876',NULL),
('97','architecto','1991-06-23','37','16','2','24249430',NULL),
('98','quasi','2009-05-24','38','14','12','57410072',NULL),
('99','molestiae','1987-04-11','39','6','17','53783302',NULL),
('100','dolore','1986-02-12','40','12','11','29883395',NULL),
('101','corrupti','2017-07-15','41','20','1','87255706',NULL),
('102','tenetur','2005-07-16','42','20','10','81769133',NULL),
('103','praesentium','2017-12-06','43','11','6','47391472',NULL),
('104','reiciendis','1977-03-06','44','9','10','19623082',NULL),
('105','aut','1997-09-06','45','11','15','29910925',NULL),
('106','quae','1972-10-06','46','1','10','95096741',NULL),
('107','culpa','1994-10-03','47','14','20','16445401',NULL),
('108','dolore','1972-04-18','48','5','11','13230285',NULL),
('109','est','1995-03-24','49','17','8','97379796',NULL),
('110','rerum','1989-05-21','50','2','14','24050258',NULL),
('111','voluptatem','1982-05-30','51','16','17','90164593',NULL),
('112','repudiandae','2018-09-25','52','6','11','42939062',NULL),
('113','quis','2008-09-19','53','19','19','94909030',NULL),
('114','et','2016-03-17','54','2','5','51976162',NULL),
('115','cupiditate','2018-11-16','55','16','13','48230147',NULL),
('116','neque','1994-08-03','56','15','15','16772698',NULL),
('117','veritatis','2009-09-18','57','14','14','44648174',NULL),
('118','expedita','2011-11-13','58','5','4','42144126',NULL),
('119','ex','1995-12-25','59','20','13','38755017',NULL),
('120','tenetur','1993-09-14','60','14','10','35399739',NULL),
('121','facere','1996-06-11','1','8','14','72431247',NULL),
('122','nihil','2018-05-18','2','20','2','15858300',NULL),
('123','veritatis','1978-04-05','3','13','4','58453608',NULL),
('124','laboriosam','1978-12-29','4','12','10','34146733',NULL),
('125','pariatur','1988-11-19','5','12','14','81484825',NULL),
('126','voluptatem','1983-08-06','6','4','7','14907662',NULL),
('127','assumenda','1971-12-16','7','10','9','85604908',NULL),
('128','corrupti','1983-02-10','8','17','9','41776327',NULL),
('129','sint','2007-02-07','9','8','18','37511904',NULL),
('130','aperiam','2007-01-07','10','14','3','77155414',NULL),
('131','voluptatem','1990-03-10','11','11','8','34560433',NULL),
('132','esse','2004-11-05','12','18','4','48250262',NULL),
('133','numquam','2018-08-26','13','1','3','13421915',NULL),
('134','natus','2017-01-25','14','7','20','64699675',NULL),
('135','quod','1994-02-27','15','16','1','86859600',NULL),
('136','ducimus','1999-01-15','16','10','3','84411188',NULL),
('137','laboriosam','1982-02-25','17','14','10','37325437',NULL),
('138','soluta','1977-05-13','18','4','7','77495843',NULL),
('139','similique','1996-02-27','19','13','15','26725002',NULL),
('140','et','1986-11-28','20','17','4','94040433',NULL),
('141','ducimus','1995-10-26','21','9','20','43748370',NULL),
('142','ea','1978-10-19','22','10','19','66910953',NULL),
('143','ratione','2008-04-08','23','8','7','41772037',NULL),
('144','consequuntur','1985-03-28','24','7','16','21779881',NULL),
('145','et','2007-10-20','25','4','20','36302066',NULL),
('146','non','2010-05-04','26','18','14','21996313',NULL),
('147','culpa','1993-12-25','27','8','16','38188436',NULL),
('148','consectetur','2005-09-27','28','18','9','23674821',NULL),
('149','corporis','2015-12-19','29','18','5','96901991',NULL),
('150','sit','1986-02-06','30','9','13','65623502',NULL); 


DROP TABLE IF EXISTS `genres_type`;
CREATE TABLE `genres_type` (
  `id` bigint(20) unsigned NOT NULL AUTO_INCREMENT,
  `type` varchar(30) COLLATE utf8_unicode_ci NOT NULL,
  PRIMARY KEY (`id`),
  UNIQUE KEY `type` (`type`)
) ENGINE=InnoDB AUTO_INCREMENT=21 DEFAULT CHARSET=utf8 COLLATE=utf8_unicode_ci;

INSERT INTO `genres_type` VALUES ('18','accusamus'),
('10','corporis'),
('2','dolore'),
('20','dolorem'),
('17','doloremque'),
('9','est'),
('6','et'),
('19','impedit'),
('7','ipsa'),
('5','mollitia'),
('4','nesciunt'),
('16','nobis'),
('11','numquam'),
('12','odit'),
('1','praesentium'),
('15','quia'),
('3','repellat'),
('14','sint'),
('8','sunt'),
('13','velit'); 


DROP TABLE IF EXISTS `posts`;
CREATE TABLE `posts` (
  `id` bigint(20) unsigned NOT NULL AUTO_INCREMENT,
  `author_id` bigint(20) unsigned NOT NULL,
  `publish_date` datetime DEFAULT current_timestamp(),
  `body` text COLLATE utf8_unicode_ci DEFAULT NULL,
  `post_status` enum('front page','rejected','on moderation') COLLATE utf8_unicode_ci DEFAULT NULL,
  PRIMARY KEY (`id`),
  KEY `author_id` (`author_id`),
  CONSTRAINT `posts_ibfk_1` FOREIGN KEY (`author_id`) REFERENCES `users` (`id`)
) ENGINE=InnoDB AUTO_INCREMENT=151 DEFAULT CHARSET=utf8 COLLATE=utf8_unicode_ci;

INSERT INTO `posts` VALUES ('1','108','2012-03-14 14:29:58','Rerum et quidem odit aspernatur facere iste quia. Dolores id nisi earum cumque aut voluptas voluptatem. Vel laudantium et maxime iste voluptas. Id sint quisquam eos sint numquam perferendis.','front page'),
('2','13','2006-06-11 19:49:33','Excepturi et dolorem ratione nemo ut qui suscipit cumque. Perferendis est veritatis iusto blanditiis delectus hic. Veniam id et aut molestias placeat officiis. Pariatur quisquam earum quia nostrum sit dolor.','front page'),
('3','9','1982-08-28 07:55:48','Omnis et ratione sed cumque soluta deleniti quaerat. Cumque repudiandae nobis aliquam maxime voluptatibus. Est et id iusto facilis nihil eum.','rejected'),
('4','19','2003-02-10 21:09:41','Alias voluptatem in maxime rerum doloribus voluptatem quibusdam. Voluptatem sit est eos molestias velit. Porro sunt magni voluptas et natus repellat.','on moderation'),
('5','114','2019-10-16 11:27:09','Aut sunt fuga vel nihil facere voluptates. Rem ipsum voluptas ut molestiae nihil. Quia dolorem necessitatibus itaque non.','front page'),
('6','92','1972-09-12 05:26:03','Nihil autem atque saepe. Quaerat non eligendi nisi laudantium. Vitae ut neque non fugiat quae. In voluptatem et maxime quasi aliquam.','on moderation'),
('7','9','1987-02-13 07:00:37','Et magni harum expedita quasi nobis officiis fuga. Corrupti consequuntur ratione optio dolores. Qui aspernatur molestiae sed est.','front page'),
('8','18','2005-10-23 09:35:46','Non asperiores nostrum nostrum ipsam ipsam. Recusandae aut aliquam sapiente a. Magni voluptas dolorem dolorem quia.','rejected'),
('9','118','1982-08-02 09:36:50','Numquam id nobis eos quo repellendus error vel. Et fuga odio provident aspernatur. Facilis consequatur quibusdam et rerum.','front page'),
('10','89','1987-12-30 04:00:57','Rerum qui temporibus nihil et omnis ut et amet. Occaecati velit expedita quia. Iure eos sequi voluptatum porro a cupiditate magni. Sint nobis qui doloremque reiciendis sint non aut.','on moderation'),
('11','17','1980-09-07 22:00:39','Quia nam quod consequatur corporis recusandae voluptatem. Aut unde molestiae ut ipsum. Facere quis quam sed sed. Odio nihil ut ea et dolor impedit. Tempora commodi ut exercitationem rerum.','on moderation'),
('12','29','2013-10-06 06:20:49','In et odit dicta dolores iure. Aspernatur accusamus nulla corporis perspiciatis. Id consequatur nihil sit aliquid velit. Veritatis qui qui commodi quod vero.','rejected'),
('13','88','2005-06-20 04:06:52','Eum eaque tempore dolor ut impedit ratione et. Dolor ab assumenda rerum accusantium. Eum praesentium nesciunt dolores dignissimos mollitia architecto laborum.','rejected'),
('14','77','1995-03-27 10:08:03','Veritatis error est in necessitatibus. Dolor sed quaerat repudiandae aut magni. Aut illum voluptatem laboriosam.','on moderation'),
('15','31','1998-02-04 20:18:34','Ducimus voluptatem aut ut nemo autem aut minima. Provident sit aut fugiat unde.','on moderation'),
('16','58','1998-07-14 17:36:01','Aut minima inventore neque earum. Rerum illo quo sed vel. Nihil deserunt perferendis sint voluptas.','rejected'),
('17','14','2006-08-30 23:34:10','Autem fuga sapiente repellendus voluptatem minima. Iste ipsam qui voluptatum totam delectus. Illum quisquam qui dolorem enim dolores autem non. Delectus tempora quo nemo quibusdam hic.','front page'),
('18','77','1995-10-06 22:01:22','Et numquam enim velit minima. Ea aut et hic aperiam est. Aliquid non corporis et neque sit odio.','on moderation'),
('19','105','1987-10-18 00:07:19','Praesentium nisi sit quo sed beatae at cum. Voluptatem corporis et doloribus ut. Aliquam eius in aut libero voluptas aut velit. In consequatur animi at fugit facilis aperiam.','rejected'),
('20','77','2004-09-04 05:00:14','Distinctio doloribus perferendis sit nihil animi vel. Consequatur cumque similique voluptatem excepturi et ipsam.','rejected'),
('21','15','1983-10-05 05:47:57','Dolorum voluptas quidem voluptatibus harum. Ratione beatae non assumenda veniam nulla velit qui. Sapiente quis et molestias eveniet.','front page'),
('22','110','2007-07-18 18:52:48','Amet doloremque non rerum aspernatur illum sit cupiditate. Eos repellat consectetur ea est aut optio. Sapiente dignissimos qui dicta commodi in et. Ipsam facere veritatis adipisci doloremque facere dolorem.','front page'),
('23','52','1976-09-21 15:01:39','Vel labore eum sed ad est. Eum sint quibusdam voluptatem quis itaque nihil. Cumque ad dolores dolores quam est sed.','on moderation'),
('24','83','1974-02-26 12:01:36','Minus est dolore possimus quibusdam optio. Modi et totam voluptatem est sint. Dolores esse nam aut perferendis non minus expedita.','front page'),
('25','18','2018-08-18 00:41:22','Culpa et commodi illum repudiandae fuga pariatur ullam. Aspernatur ducimus in sequi non. Doloribus nobis deleniti veniam provident. Voluptatem cupiditate sint dolor deserunt aut enim. Occaecati sint aut beatae modi tempore.','front page'),
('26','62','2014-06-06 07:12:12','Dolorem illum et vero provident iusto non sapiente. Hic quo sed exercitationem aperiam velit aut. Optio tempora neque harum laboriosam iste veniam.','front page'),
('27','7','1985-04-17 03:56:13','Voluptate doloremque sint animi officia minima. Voluptatum illo quia veritatis. Excepturi sit facere earum perspiciatis. Ab eum facilis aspernatur sit.','on moderation'),
('28','112','2018-07-08 04:13:45','Amet adipisci ratione dolor voluptas corporis. Vitae excepturi est recusandae assumenda quo. Illum dolorum repudiandae numquam minus dolores et quae. Modi est accusantium assumenda quia non.','on moderation'),
('29','110','1995-07-16 20:27:15','Porro iusto itaque et ut aliquid commodi magni. Sed sit est qui dolorem laboriosam. Impedit dolores quae dolores atque corrupti et veniam.','front page'),
('30','20','2003-08-18 12:44:39','Facilis eos et recusandae blanditiis. Voluptas repellat enim impedit placeat a excepturi. Aut et ab laudantium et dolores. Est modi voluptate et et dolorum repudiandae.','on moderation'),
('31','4','1971-01-26 23:17:03','Quod veritatis minus maxime dolorem beatae quia qui quia. Optio corrupti ut quas doloribus placeat doloribus qui voluptas. Deleniti temporibus omnis earum reiciendis temporibus cum.','rejected'),
('32','98','1985-03-05 06:31:48','Cumque dolores deserunt repudiandae voluptas aliquam qui. Nisi saepe corrupti inventore iure dolorem et natus. Ut qui maxime qui quos et numquam.','front page'),
('33','32','2002-09-20 12:24:45','Aut vel quas pariatur nemo. Ut facilis ea iure ut. Consequuntur iusto tempore explicabo. Velit amet similique commodi voluptas quo ab dolor.','rejected'),
('34','12','2016-06-04 20:12:24','Rerum reprehenderit qui sit dicta aut. Nihil et blanditiis nostrum impedit sed excepturi exercitationem. Ad magni dolores est omnis voluptatem autem consequuntur. Amet inventore aliquid dicta omnis repudiandae sunt.','front page'),
('35','116','1989-06-11 08:09:54','Enim nesciunt amet officiis voluptates cum ut. Doloremque est dolores nulla accusantium blanditiis quia rerum. Nobis sit quas qui voluptas aliquid necessitatibus voluptas. Nulla odit ad exercitationem.','rejected'),
('36','26','2010-12-09 02:44:25','Maiores odio tempore fuga molestiae. Quaerat non libero et neque. In dignissimos velit eos odio repellat atque corrupti. Ducimus dicta et tempore deleniti in consequatur ea. Enim et qui excepturi.','on moderation'),
('37','103','1973-05-10 22:40:25','Adipisci amet quibusdam corporis sed. Deserunt qui doloremque nemo repellendus totam magni voluptatibus. Optio veritatis qui nostrum qui veniam distinctio qui.','on moderation'),
('38','5','1988-02-11 23:43:22','Cupiditate ipsa veritatis aliquam deserunt dolor. Voluptatem omnis molestiae facilis dolorum natus. Dicta saepe vel eum ut laboriosam dicta et.','on moderation'),
('39','43','2016-10-21 22:57:50','Cum officia vel nostrum ipsam velit. Sit in ab vel. Ut deleniti provident et molestiae repellendus id. Inventore voluptatem aperiam id et quam aut.','on moderation'),
('40','101','2014-08-25 12:31:17','Et illo ducimus repellendus maiores. Cumque esse modi voluptas libero eum tempora recusandae. Earum voluptatem et quasi animi ea.','front page'),
('41','94','2014-02-18 06:45:25','Et perspiciatis nostrum est et accusantium. Maxime quibusdam et atque amet laboriosam qui ipsum. Tempore earum fugit et possimus quia nesciunt expedita alias. Dicta vero voluptatum aliquid vitae dignissimos. Iure exercitationem quos nesciunt adipisci aut labore.','front page'),
('42','60','1994-08-05 21:33:20','Voluptates optio omnis est ad voluptatem repellendus. Culpa consequuntur quisquam consequuntur tempore. Eum qui enim architecto. Sunt perspiciatis architecto id illo ex.','front page'),
('43','10','1977-11-15 04:22:38','Aut a ipsa illum velit. Ut est illo dolore deserunt eveniet eos aut. Rerum ea provident aut eaque sint et ab.','on moderation'),
('44','61','1978-01-29 11:22:05','Consequatur explicabo inventore non nobis. Deleniti voluptatem et amet id aut facilis commodi. Delectus et non est mollitia saepe veniam repellat. Est ut possimus placeat et fuga accusantium. Et unde voluptates dicta nihil non modi omnis.','on moderation'),
('45','16','2012-11-29 03:11:23','Earum sapiente aliquid voluptas voluptas aut quas veritatis. Numquam sequi ut quis quisquam quisquam et ut. Non et eum aut et. Eos similique reprehenderit consequatur minima.','front page'),
('46','40','1972-07-02 15:56:31','Autem nobis qui tempore. Assumenda nihil numquam repudiandae soluta sapiente et earum ab. Assumenda ut voluptatum ut quidem aut repellendus sequi est.','rejected'),
('47','119','2003-05-12 12:24:09','Doloribus est molestiae consectetur et consectetur eos culpa. Voluptatem necessitatibus sit iusto eos et consequatur. Culpa nesciunt et omnis necessitatibus id ut iure. Architecto fugiat exercitationem optio animi ut ea nihil distinctio.','on moderation'),
('48','29','1984-06-14 08:56:35','Accusamus voluptatum rerum ab soluta repudiandae esse voluptatem. Accusamus porro fugit possimus veritatis quis recusandae incidunt. Architecto et beatae qui similique deleniti qui. Deserunt velit corporis esse est eligendi molestiae et.','on moderation'),
('49','117','1984-12-18 14:55:14','Nobis repellat ipsum dolor temporibus ipsa. Omnis aut quaerat autem omnis officiis rem quas. Similique amet mollitia ut eius. Sint quibusdam nihil omnis deleniti.','front page'),
('50','103','1984-02-19 19:06:04','Vel et omnis inventore consectetur et occaecati. Officiis doloribus id et. Voluptate sed est sunt laborum recusandae reiciendis. Maiores laboriosam accusamus consectetur. Distinctio voluptas porro delectus harum adipisci.','on moderation'),
('51','106','1985-11-22 14:41:24','Vero ad natus ipsa dolores dolore repellendus. Qui sed est et minus ut quasi dolor consequatur. Voluptas cumque rem culpa perspiciatis omnis et.','rejected'),
('52','11','1994-12-16 16:53:05','Vel ut est enim quaerat nobis molestiae magnam. Labore repellat ex qui laboriosam et dolorum. Et quasi est molestias. Porro distinctio est consequatur voluptate.','rejected'),
('53','93','1993-07-04 16:44:38','Vel aut voluptatum voluptatem odit repudiandae sit molestiae. Aut nostrum et ut deleniti ea magni quia. Cum accusantium aut quo quasi. Neque iste sed libero saepe nobis maxime minima.','front page'),
('54','37','2013-04-27 12:53:32','Omnis ut voluptatem qui consequatur soluta. Illo sequi tenetur incidunt animi cupiditate quae omnis. Itaque accusamus quibusdam ea non ea porro veritatis.','rejected'),
('55','93','1992-03-04 01:22:35','Corporis eveniet voluptatem modi id quam. Quia et fugit eveniet velit nostrum ipsum. Doloribus deserunt officiis ratione eos. Atque architecto occaecati iusto iure dolore labore.','on moderation'),
('56','110','1999-08-05 17:42:52','Et dolore porro ut voluptatum aut. In neque sit architecto deserunt iusto enim doloremque. Sunt corrupti ut unde eum et unde quos.','rejected'),
('57','99','1976-12-10 18:45:13','Voluptas magni aliquam eum tempora exercitationem cumque et ratione. Magni labore et quis est vel error esse. Est mollitia nihil illo aperiam qui.','rejected'),
('58','100','1983-02-18 10:59:08','Aperiam est et voluptatum et. Voluptatem assumenda non fuga. Nesciunt dicta debitis numquam.','front page'),
('59','101','1971-09-24 04:18:27','Aut odio sed qui in. Molestiae impedit et rerum aut. Dicta alias consequuntur ut culpa nesciunt quam omnis.','rejected'),
('60','89','1971-10-08 07:51:21','Consequuntur veniam eum in ullam. Impedit aliquam officiis beatae aspernatur et. Tenetur sequi non enim hic dicta.','front page'),
('61','119','1978-06-27 12:03:26','Dolor assumenda similique consequatur distinctio dolorem nobis. Voluptatem quae eum nesciunt cum cumque nihil quo. Dolor quia voluptatibus aspernatur recusandae. Laudantium vero nisi totam rerum et dolore.','front page'),
('62','104','1998-09-23 12:54:20','Voluptatum eveniet optio et in deleniti sed enim. Consequatur sit rerum dicta esse sed quisquam. Voluptas harum quaerat molestiae.','front page'),
('63','66','2001-01-17 15:12:21','Beatae consequatur placeat voluptas magnam sit. Maxime ea ut in saepe omnis sapiente. Qui accusantium est corporis vel quaerat qui.','on moderation'),
('64','30','1974-06-14 19:54:30','Quidem quibusdam quia aspernatur earum et nihil velit. Consequatur doloribus sint error vero consequatur voluptatem voluptas. Illum eaque adipisci non omnis.','front page'),
('65','116','1974-04-09 01:01:56','Accusantium labore culpa et aut voluptas ex. Fugit exercitationem iusto voluptas et culpa debitis omnis. Reprehenderit soluta et maiores facere.','rejected'),
('66','62','1991-09-20 15:40:11','Blanditiis architecto sed hic quis. Corporis est et necessitatibus consectetur. Sint laboriosam enim perspiciatis rerum sapiente voluptates. At dignissimos sunt consequuntur eaque distinctio est illum.','rejected'),
('67','55','1981-06-11 11:05:26','Voluptas numquam sint tenetur repudiandae soluta. Quos consequatur cumque minus et voluptatibus. In tempore et molestias labore provident sint. Saepe repellat laudantium rerum nobis.','rejected'),
('68','98','2000-09-21 16:54:21','Non consequuntur ab velit cum repudiandae minus accusamus. Velit fugit atque culpa architecto possimus voluptate porro. Est quos est non sapiente ut magni velit. Ut ipsam quibusdam facilis quidem.','on moderation'),
('69','67','1982-05-18 03:16:50','Illum quisquam molestiae sint eveniet saepe et enim. Est voluptatibus cupiditate reiciendis corporis odio ipsa delectus. Maxime sint dignissimos veniam. Voluptas quia ipsa veniam sunt id cupiditate eius.','on moderation'),
('70','98','2014-01-19 20:04:50','Quo aliquid ad id nobis sunt suscipit voluptatem. Assumenda non hic quo minima ab dolor. Quo omnis voluptate culpa voluptatum est cupiditate voluptas.','rejected'),
('71','78','1983-04-15 02:24:44','Quo veniam totam autem nostrum dignissimos est. Qui nesciunt esse laudantium corrupti ab. In modi corrupti nihil atque.','front page'),
('72','40','2003-04-02 05:31:25','Molestiae tempore quisquam quo impedit consequuntur sit alias. Enim et eos itaque natus adipisci. Animi pariatur quia ut voluptatem fuga asperiores.','rejected'),
('73','37','2012-01-10 15:03:07','Labore qui consequatur unde rerum est. Eos sed velit aut minus et. Est neque dolore pariatur. Eaque perferendis aut omnis laborum vitae eaque in.','rejected'),
('74','88','1987-02-24 14:38:27','Molestiae omnis dolores rem odit aut est voluptatem ratione. Placeat dicta repellat quasi itaque. Et rerum aut laboriosam odio excepturi maxime eius eligendi. Officia illo perspiciatis reprehenderit.','on moderation'),
('75','100','2005-01-18 00:24:06','Et architecto distinctio qui sed et sint. Dicta suscipit quidem voluptatem magni. Est iusto maiores non rem odit. Quia voluptas rerum quia voluptas provident.','rejected'),
('76','53','2018-04-27 00:00:29','Numquam aliquam reprehenderit libero fuga illo. Suscipit quod sit omnis sed libero nostrum et. Animi consequatur ex iusto qui provident assumenda.','front page'),
('77','7','1989-04-05 20:41:39','Qui autem aliquam delectus. Temporibus doloribus nobis id dolore nam vel eius voluptatibus. Rerum natus enim nulla vel laudantium.','front page'),
('78','99','1995-09-18 01:07:34','Omnis aspernatur hic et in non libero totam. Minus quisquam harum consequuntur ipsa officiis explicabo. Molestias distinctio dicta nam assumenda.','on moderation'),
('79','81','2011-05-10 05:00:26','Sit quae sint dolorem inventore ipsum voluptatibus sit. Itaque qui voluptatem occaecati. Tempore eveniet quia qui.','front page'),
('80','3','2010-06-19 19:10:51','Et optio dolore similique hic velit tempora rerum. Velit sequi est voluptatem. In in natus quisquam ut nesciunt et. Fugiat quae et rem tenetur error nesciunt saepe illum.','front page'),
('81','82','2000-02-01 16:25:26','Praesentium quibusdam sed ex voluptas rerum. Sed sed explicabo voluptas ipsum. Perspiciatis id corrupti quis libero. Mollitia ratione officiis a deserunt alias.','rejected'),
('82','67','1980-02-06 06:21:52','Laborum at deserunt quis eos officiis optio. Laborum at rerum ex animi culpa odit asperiores. Quo minima voluptas quo qui qui.','front page'),
('83','14','2019-12-11 15:21:08','Neque illum nisi nihil quibusdam. Vel deserunt est iure commodi et hic eveniet nulla. Dolore et qui accusamus aut voluptatem dolores sunt.','on moderation'),
('84','54','1987-07-16 03:16:35','Quidem quisquam incidunt amet praesentium delectus fugiat est. Et est ut minus. Quisquam dolores ea est et quo eos. Libero rerum nihil laborum quia animi.','rejected'),
('85','104','2014-06-04 01:37:38','Aspernatur voluptas necessitatibus adipisci nam alias. Nam perspiciatis culpa quam quis repellat aliquid non sed. Amet in eos est ab distinctio.','rejected'),
('86','107','1986-10-28 09:26:52','Sapiente rerum cum repudiandae illo autem facilis. Quo accusamus doloremque laboriosam dolor numquam animi. Sed doloribus nihil eius sit. Illo qui natus est eum sunt delectus harum. Et fugit veniam incidunt eligendi optio dolores.','on moderation'),
('87','43','2009-11-25 12:03:24','Quia consequatur et provident pariatur iure quae aut. Nemo iste quod ut voluptate maiores fugit consectetur. Consectetur delectus doloribus vel voluptatibus.','on moderation'),
('88','82','1977-10-11 23:48:59','Ex amet odio delectus consequatur architecto ea est et. Quo ut ipsum impedit eos. Qui doloremque laborum nobis facilis nostrum ratione voluptatibus. Minima dolores qui a ut.','on moderation'),
('89','86','1984-03-24 19:21:34','Pariatur et quam et quaerat reprehenderit illo quia. Iusto nostrum qui ut ut. Voluptas est animi non vel.','front page'),
('90','24','2004-05-26 21:17:24','Quibusdam et nihil est minus inventore consectetur quo. Voluptatem consequatur aspernatur quis dolores ex voluptatem perspiciatis. Vitae repudiandae sunt sit ab. Unde consequatur ut non ea voluptate reprehenderit reprehenderit.','on moderation'),
('91','51','1996-09-02 15:34:27','Unde error sequi saepe distinctio et quod est. Iure quia eius voluptate. Dolore temporibus a velit qui dolore. Non qui dolore similique aut ut ea voluptas.','front page'),
('92','84','1980-02-24 10:22:00','Quidem officia voluptas odio tenetur. Et atque et aperiam quo minima autem ut facere. Voluptate eligendi ducimus quasi laudantium eius sit ut. Inventore ab enim vitae laborum non et nisi. Voluptas ullam qui quia quia illum.','front page'),
('93','8','2019-04-23 14:41:56','Tempora qui accusamus velit quaerat est excepturi rerum eius. Quisquam esse et incidunt dolorem asperiores aut. Quidem et est facilis aliquid dolorum. Deleniti similique maxime necessitatibus aliquam molestias.','front page'),
('94','117','2003-10-08 17:21:08','Magnam aut rerum excepturi qui et dolor nostrum. Ut rem quo provident alias illo. Voluptates voluptas rerum nobis rerum cum eos. Ab ut voluptatibus cumque officia. Nemo id eveniet impedit et commodi rerum.','rejected'),
('95','114','2002-08-29 04:01:38','Ullam eos doloremque voluptatem sed facere perferendis facilis. Laudantium id fugit debitis adipisci. Et dolor dolorem ea culpa quas eos tempora deleniti. Aut autem assumenda rerum iusto voluptas quasi.','on moderation'),
('96','3','2009-12-14 10:45:10','Quia esse velit id cumque amet fuga et. Ratione quo est qui. Qui sed error quo provident blanditiis enim adipisci. Pariatur quo praesentium qui adipisci. Iure perferendis libero dolorum quis neque dicta ea et.','on moderation'),
('97','59','2014-04-19 02:30:25','Qui vitae veritatis nihil et laboriosam. Rerum odit totam et ipsam et. Aut ipsa dolor ea aut soluta repellendus. Eius quos voluptas qui.','front page'),
('98','48','2012-12-11 14:30:29','Ad eligendi quo vitae ullam asperiores laudantium officia. Quasi sit saepe non quia ad recusandae. Error maxime id est temporibus.','on moderation'),
('99','101','1973-07-30 16:55:59','Quis et nihil ut quibusdam. Velit eos impedit exercitationem. Accusantium quasi est nobis.','front page'),
('100','5','2001-03-11 04:38:39','Nisi fugiat ullam ab reprehenderit placeat inventore ut. Eum esse voluptates similique doloribus mollitia.','front page'),
('101','26','1993-07-01 06:14:47','Non corrupti earum eveniet id. Officia et nesciunt voluptas voluptatem.','front page'),
('102','59','1977-10-30 11:02:56','Ut sunt sit quas. Iste dolorem explicabo nihil ex sed doloremque placeat. Unde inventore autem molestiae.','rejected'),
('103','44','1980-10-11 21:29:17','Voluptate eum adipisci ipsa est autem. Illum velit eius pariatur voluptate nihil placeat. Provident sunt ad voluptatem suscipit ducimus doloremque. Dolores libero libero animi voluptatem.','front page'),
('104','62','2010-07-22 07:03:39','Quia sit eligendi ea. Distinctio id amet sunt est possimus rerum libero. Sit et mollitia soluta doloribus dolorum sunt rerum. Possimus voluptas et nemo quam id nostrum.','on moderation'),
('105','26','2005-06-01 09:41:30','Est sit quia iure. Aliquam fuga mollitia est quis et quia vitae. Culpa veritatis inventore veniam qui dolorum.','front page'),
('106','24','1984-04-17 10:46:26','Laborum ducimus sit est aut rerum molestias repudiandae quia. Cupiditate vitae laudantium ut quia. Quo architecto et dicta veritatis et numquam. Explicabo et molestias voluptatem quaerat.','on moderation'),
('107','114','1993-04-11 01:56:50','Tempora debitis rerum pariatur non. Laborum hic et qui ut est. Ab qui incidunt blanditiis. Nemo est quisquam quasi corporis laudantium. Eum maxime ut iusto occaecati magni dolorem quibusdam et.','front page'),
('108','33','2000-08-25 01:27:24','Minus dignissimos doloribus molestiae perferendis ut. Pariatur dolorem non possimus earum molestias qui.','front page'),
('109','2','1992-12-18 13:23:38','Adipisci consequatur saepe quia facere est qui voluptatibus. Tempora facere ut cupiditate voluptas. Quis atque sed aspernatur nesciunt.','rejected'),
('110','75','1993-07-23 21:32:32','Distinctio facilis nobis qui accusamus amet dolorum. Omnis quam dolor rem et est. Laudantium beatae maiores aut delectus earum quae. Impedit totam ullam tempore aut impedit quo voluptatum quis.','front page'),
('111','36','1987-10-14 16:49:10','Voluptatibus voluptatibus excepturi dolores voluptatum. Officia labore inventore pariatur rem. Id iusto nobis occaecati excepturi cum at nihil. Nostrum vero rem facere quae quod minima. Dolore quia fuga vel aut dignissimos aut.','rejected'),
('112','83','1997-01-09 18:20:14','Eligendi unde cupiditate quis consectetur harum ea officiis sunt. Tempore est quia voluptas eligendi ipsum. Cum velit est inventore placeat ullam esse. Molestias necessitatibus id eos velit et rerum.','on moderation'),
('113','21','2012-10-19 23:06:05','Et tempora quia fuga recusandae hic. Ab ut culpa sequi veniam alias autem error. Consequatur nihil quam voluptatem ut et totam. Quia totam tenetur molestias consequatur ex.','front page'),
('114','49','2006-12-16 18:58:26','Non unde reiciendis qui eveniet aut quae ducimus ut. Exercitationem eum placeat maiores accusamus dolorem unde culpa. Assumenda doloremque eius unde quis est laborum quibusdam. Commodi a aut est neque quo facere quidem.','on moderation'),
('115','16','2008-02-26 07:31:28','Sed et aut numquam quisquam et provident. Ut magnam dolorem voluptatem beatae mollitia. Consequatur consequatur facere error voluptates molestiae itaque.','on moderation'),
('116','5','1977-03-13 10:09:04','Non nesciunt excepturi earum. Necessitatibus alias excepturi molestias dolorem. Impedit quia in perferendis sunt commodi asperiores.','rejected'),
('117','36','1999-11-22 04:31:15','Explicabo et possimus enim tempora magni ut eius veritatis. Dolorem quas dolores est distinctio sed in voluptatibus.','front page'),
('118','59','1999-11-22 23:47:19','Ab et ipsam distinctio ut fugiat adipisci. Exercitationem enim ea veniam. Id nesciunt voluptates minus nobis occaecati excepturi qui.','rejected'),
('119','86','1981-11-09 06:46:12','Suscipit laborum odio reiciendis nulla voluptatibus aut. Quia veritatis et repellendus consequatur placeat explicabo alias dolorum. Laborum quia minus ipsum veniam omnis.','rejected'),
('120','1','1988-06-18 15:11:00','Nostrum in numquam aliquam earum adipisci. Odio consectetur quo sapiente inventore enim dolores occaecati. Sint eius eum nihil laudantium aut sequi. Fugiat et accusantium libero facere aut unde ipsam.','rejected'),
('121','82','1978-03-05 05:08:45','Ut autem reprehenderit rerum laborum pariatur. Quo quam fugit atque consequatur distinctio placeat occaecati eos. Et non voluptatem voluptas quis facilis sit qui alias. Officiis sunt veritatis ullam autem illum.','on moderation'),
('122','17','1985-06-14 03:47:20','Quia nam sit nobis quibusdam est vero iste. Et reprehenderit qui voluptatem vitae in et. Sit reprehenderit qui reiciendis voluptas qui consectetur. Ut molestias sed consequuntur tenetur.','rejected'),
('123','85','1999-09-10 11:54:13','Labore reiciendis quia similique magnam nisi inventore. Est architecto necessitatibus in voluptas repellendus et. Est neque accusamus dolorem.','front page'),
('124','90','2015-10-07 07:51:40','Debitis ab quod beatae est eaque reiciendis et. Odit repellat inventore sed accusantium molestiae odio mollitia. Officia qui architecto quia tempore excepturi velit. Eligendi ab voluptates unde qui sunt repellat nobis. Molestiae consequuntur provident necessitatibus ut aspernatur distinctio.','front page'),
('125','13','2016-01-03 11:50:43','Libero necessitatibus et laboriosam dignissimos. Distinctio architecto quo voluptas voluptas. Ex velit et odit officia rem. Voluptatum eveniet dolores et voluptatibus et tempora.','rejected'),
('126','78','1973-11-22 23:20:33','Vel inventore sit iusto alias. Cupiditate sunt quos soluta aut natus accusantium nulla. Autem nostrum voluptatem esse et non omnis.','on moderation'),
('127','92','1978-04-07 08:51:06','Pariatur sunt numquam ab nihil omnis ullam unde debitis. Reiciendis corporis facilis corporis cupiditate sequi sed. Repellat necessitatibus est minima beatae ipsa odio soluta.','rejected'),
('128','72','1975-10-29 03:11:14','Illum iure dolorem est debitis veniam id sequi. Pariatur esse aut officiis officia. Quas et sit ut ut cum labore at animi. Laborum qui magnam cupiditate quidem.','rejected'),
('129','6','1971-01-18 02:52:21','Magni atque maxime voluptatem non rerum deserunt nostrum vel. Eum aut natus consequatur deleniti aliquid. Ea nobis vel nihil inventore. Molestias quam modi sunt odio.','front page'),
('130','73','1999-08-03 12:02:53','Mollitia in rerum dolor necessitatibus rem. Necessitatibus hic harum a rerum dolorum. Aut debitis eos doloremque iure odio itaque harum. Optio et aut atque ipsa nihil quaerat qui.','rejected'),
('131','76','2000-11-24 18:30:49','Ut sit repellendus debitis voluptatem unde qui. Vero aut nemo corrupti maiores ratione aliquam hic laborum. Sed exercitationem est eum qui. Nulla in quia nesciunt iste at autem quaerat eveniet.','rejected'),
('132','31','1971-07-04 23:06:29','Rerum quam provident aut numquam et at cupiditate. Omnis itaque sequi aut aut iste sed. Laudantium cumque incidunt optio. Consequatur optio recusandae expedita nesciunt qui dolorum.','on moderation'),
('133','11','2009-03-03 15:13:08','Deleniti temporibus magni reprehenderit rerum dolorem dolore in. Quia in molestiae qui dolor incidunt hic quo. Tempore architecto non adipisci placeat autem saepe quas sequi.','front page'),
('134','119','2013-06-30 15:19:28','Ducimus impedit nisi inventore porro. Quam quia praesentium qui voluptas qui laborum vel. Fuga nulla omnis ea deleniti sint dolore omnis. Ipsum minima sint error ut eum suscipit.','front page'),
('135','93','2000-02-12 16:04:27','Sunt aut omnis totam. Enim dolor molestias laboriosam quidem officiis aspernatur atque. Sint dolorum nemo et recusandae consequatur inventore nemo.','on moderation'),
('136','37','1996-03-23 06:42:50','Dolorem sit id non qui rerum mollitia. Ut ea vitae aut nihil eligendi ipsam nisi. Inventore laborum perferendis atque provident sapiente voluptatibus alias. Distinctio qui omnis ut dicta. Vero voluptatibus quibusdam omnis aut.','front page'),
('137','23','1989-06-09 16:38:48','Quam mollitia minus ab molestiae debitis est. Quia sint corrupti qui cumque odit earum. Facere aut deleniti ratione aut maxime. Corrupti sit quasi est sint aut error voluptates.','on moderation'),
('138','87','1975-01-10 20:12:34','Fugit et recusandae est ratione reiciendis non. At consequuntur voluptatem a ipsum voluptatem placeat blanditiis. Quasi aut dolorem dolorem rem qui tenetur.','front page'),
('139','69','2014-03-27 20:27:07','Voluptas quis consequatur alias saepe. Et ipsam consectetur rerum eos accusantium similique. Est aut qui in explicabo beatae vitae.','front page'),
('140','24','1977-07-19 03:41:48','Officia labore repellendus incidunt est maiores. Possimus iure molestiae ex at debitis iste ut. Dolorem ipsam aut quasi omnis aut.','rejected'),
('141','41','2005-09-27 13:46:30','Cupiditate omnis dolor earum officiis. Repellat consectetur voluptatem assumenda voluptatem impedit ut unde nihil. Officiis aspernatur adipisci repudiandae molestias. Est maxime sed et aut autem aspernatur.','on moderation'),
('142','105','1973-10-25 12:24:50','Mollitia architecto accusamus a et. Nam ut animi placeat atque ex ut sit. Mollitia quisquam possimus possimus possimus ullam explicabo. Tenetur eum rem ratione qui tempora dolores.','rejected'),
('143','107','2002-04-28 03:39:12','Voluptates culpa totam pariatur nam qui sapiente. Consequatur magni sit inventore doloribus. Iusto libero ea officiis et minus. Facere ut autem officiis saepe. Laudantium est quaerat dolor esse odit molestiae molestiae omnis.','on moderation'),
('144','62','1983-09-02 02:04:59','Minima magnam unde et aut rerum sequi officiis. Eum dolor magni sed fugit sint saepe quidem. Maxime qui velit asperiores quo.','rejected'),
('145','33','1985-01-10 21:02:16','Consequatur ipsa labore vitae optio nihil neque. Illo enim rerum est laborum repellat consequatur amet quod.','on moderation'),
('146','2','1993-09-17 05:55:39','Magnam dolorem non minima adipisci. Laboriosam delectus dolor culpa dolor et tempora officiis. Quis velit ut est possimus. Odit occaecati magni quibusdam laboriosam suscipit. Fuga est aspernatur officia architecto eveniet.','on moderation'),
('147','66','1976-10-23 11:03:31','Eum sapiente quos ea accusamus soluta et omnis. Blanditiis deserunt id veritatis asperiores ex dolor. Quisquam facilis accusamus minima nulla. Earum dolor quia voluptatum non aspernatur.','front page'),
('148','69','2011-05-02 11:01:16','Ad in numquam qui minus consequatur at est. Soluta recusandae molestias assumenda ab provident asperiores qui dolor. Fuga recusandae perferendis iusto repudiandae repellendus est. Voluptas error at soluta harum.','rejected'),
('149','61','2018-09-29 13:08:07','Qui sunt laudantium qui et qui error. Porro praesentium mollitia dolor ipsum mollitia. Omnis in quasi soluta et in ut. Omnis quia repellat eligendi optio voluptas enim facilis.','rejected'),
('150','32','2000-08-05 05:17:24','Porro qui sed suscipit facere aut illo. Placeat corrupti quis nam expedita quasi sunt sint. Dolorem ipsum atque molestias dignissimos repudiandae nulla. Accusantium saepe sequi vero accusantium minima repellat.','front page'); 


DROP TABLE IF EXISTS `posts_for_actors`;
CREATE TABLE `posts_for_actors` (
  `post_id` bigint(20) unsigned NOT NULL,
  `actors_id` bigint(20) unsigned NOT NULL,
  PRIMARY KEY (`actors_id`,`post_id`),
  KEY `post_id` (`post_id`),
  CONSTRAINT `posts_for_actors_ibfk_1` FOREIGN KEY (`actors_id`) REFERENCES `actors` (`id`) ON DELETE CASCADE ON UPDATE CASCADE,
  CONSTRAINT `posts_for_actors_ibfk_2` FOREIGN KEY (`post_id`) REFERENCES `posts` (`id`) ON DELETE CASCADE ON UPDATE CASCADE
) ENGINE=InnoDB DEFAULT CHARSET=utf8 COLLATE=utf8_unicode_ci;

INSERT INTO `posts_for_actors` VALUES ('48','1'),
('54','1'),
('29','2'),
('73','2'),
('75','3'),
('128','3'),
('108','4'),
('77','7'),
('109','7'),
('119','7'),
('131','7'),
('55','8'),
('16','9'),
('129','9'),
('72','10'),
('116','10'),
('144','10'),
('42','11'),
('53','11'),
('13','12'),
('58','12'),
('130','12'),
('10','14'),
('127','14'),
('131','15'),
('99','16'),
('134','16'),
('140','17'),
('69','18'),
('73','18'),
('83','18'),
('31','19'),
('97','19'),
('59','20'),
('107','20'),
('15','21'),
('47','21'),
('75','22'),
('92','22'),
('6','23'),
('100','23'),
('123','23'),
('150','23'),
('77','24'),
('30','25'),
('36','25'),
('64','25'),
('132','25'),
('12','26'),
('26','26'),
('115','26'),
('119','28'),
('61','30'),
('77','30'),
('21','31'),
('63','31'),
('42','32'),
('142','32'),
('27','33'),
('82','33'),
('149','34'),
('68','35'),
('48','36'),
('101','36'),
('139','36'),
('41','37'),
('68','37'),
('120','37'),
('77','38'),
('85','38'),
('89','38'),
('5','39'),
('122','39'),
('24','40'),
('60','40'),
('97','41'),
('101','41'),
('137','41'),
('146','41'),
('23','42'),
('28','42'),
('128','42'),
('138','42'),
('35','43'),
('8','46'),
('77','46'),
('42','47'),
('74','48'),
('95','48'),
('145','48'),
('87','49'),
('19','51'),
('23','51'),
('124','51'),
('57','52'),
('84','52'),
('96','52'),
('59','54'),
('110','54'),
('119','54'),
('14','55'),
('51','55'),
('76','55'),
('82','55'),
('91','55'),
('120','56'),
('140','56'),
('64','57'),
('150','57'),
('84','58'),
('127','58'),
('26','60'),
('34','60'),
('45','60'),
('83','62'),
('117','62'),
('5','63'),
('49','63'),
('96','63'),
('145','63'),
('25','65'),
('39','65'),
('1','66'),
('37','66'),
('53','66'),
('39','67'),
('118','67'),
('135','67'),
('103','68'),
('77','69'),
('146','70'),
('9','71'),
('16','72'),
('22','72'),
('54','72'),
('37','73'),
('128','73'),
('34','74'),
('45','74'),
('75','74'),
('34','75'),
('96','76'),
('118','76'),
('64','77'),
('70','77'),
('72','77'),
('114','77'),
('138','77'),
('116','78'),
('86','79'); 


DROP TABLE IF EXISTS `posts_for_films`;
CREATE TABLE `posts_for_films` (
  `post_id` bigint(20) unsigned NOT NULL,
  `films_id` bigint(20) unsigned NOT NULL,
  PRIMARY KEY (`post_id`,`films_id`),
  KEY `films_id` (`films_id`),
  CONSTRAINT `posts_for_films_ibfk_1` FOREIGN KEY (`post_id`) REFERENCES `posts` (`id`),
  CONSTRAINT `posts_for_films_ibfk_2` FOREIGN KEY (`films_id`) REFERENCES `films` (`id`)
) ENGINE=InnoDB DEFAULT CHARSET=utf8 COLLATE=utf8_unicode_ci;

INSERT INTO `posts_for_films` VALUES ('1','112'),
('1','118'),
('2','22'),
('2','93'),
('4','109'),
('5','57'),
('6','25'),
('6','114'),
('7','41'),
('7','76'),
('7','133'),
('9','66'),
('9','121'),
('10','59'),
('10','62'),
('12','6'),
('12','114'),
('15','149'),
('16','20'),
('16','139'),
('17','5'),
('18','77'),
('19','49'),
('19','75'),
('19','140'),
('20','1'),
('21','42'),
('21','135'),
('22','40'),
('23','32'),
('23','57'),
('25','120'),
('25','135'),
('25','138'),
('26','52'),
('26','86'),
('26','104'),
('26','140'),
('29','66'),
('29','132'),
('29','146'),
('30','21'),
('30','42'),
('33','6'),
('34','39'),
('34','122'),
('34','141'),
('36','31'),
('36','115'),
('37','79'),
('37','122'),
('40','134'),
('41','44'),
('41','140'),
('42','15'),
('42','124'),
('44','30'),
('45','94'),
('47','11'),
('47','121'),
('48','97'),
('48','128'),
('49','2'),
('50','26'),
('51','91'),
('52','28'),
('52','64'),
('53','46'),
('54','138'),
('56','50'),
('63','62'),
('64','1'),
('66','100'),
('68','28'),
('68','32'),
('68','110'),
('68','123'),
('70','42'),
('71','60'),
('75','19'),
('77','116'),
('79','78'),
('79','144'),
('81','65'),
('81','136'),
('85','106'),
('86','3'),
('87','138'),
('88','92'),
('89','36'),
('92','58'),
('93','5'),
('93','83'),
('93','135'),
('96','36'),
('96','138'),
('99','102'),
('101','36'),
('102','83'),
('103','61'),
('103','108'),
('104','62'),
('105','35'),
('105','44'),
('106','30'),
('106','142'),
('108','17'),
('108','44'),
('108','90'),
('109','24'),
('109','121'),
('111','102'),
('113','90'),
('114','57'),
('114','68'),
('115','114'),
('117','44'),
('117','52'),
('117','70'),
('118','144'),
('119','25'),
('119','78'),
('120','24'),
('120','32'),
('120','64'),
('120','126'),
('122','82'),
('123','121'),
('124','30'),
('124','67'),
('124','97'),
('125','74'),
('126','11'),
('127','2'),
('127','60'),
('129','55'),
('130','23'),
('130','74'),
('136','54'),
('136','59'),
('137','68'),
('138','3'),
('140','5'),
('141','117'),
('142','20'),
('142','26'),
('144','32'),
('146','73'),
('147','12'),
('149','86'); 


DROP TABLE IF EXISTS `profiles`;
CREATE TABLE `profiles` (
  `user_id` bigint(20) unsigned NOT NULL AUTO_INCREMENT,
  `user_name` varchar(20) COLLATE utf8_unicode_ci DEFAULT NULL,
  `date_of_birth` date DEFAULT NULL,
  `home_town` varchar(30) COLLATE utf8_unicode_ci DEFAULT NULL,
  `gender` enum('mele','female') COLLATE utf8_unicode_ci DEFAULT NULL,
  PRIMARY KEY (`user_id`),
  KEY `user_id` (`user_id`),
  CONSTRAINT `profiles_ibfk_1` FOREIGN KEY (`user_id`) REFERENCES `users` (`id`) ON DELETE CASCADE
) ENGINE=InnoDB AUTO_INCREMENT=121 DEFAULT CHARSET=utf8 COLLATE=utf8_unicode_ci;

INSERT INTO `profiles` VALUES ('1','ellen.larson','2004-04-06','furt',''),
('2','stokes.gilbert','1980-03-12','town',''),
('3','alvah09','1993-12-17','side',''),
('4','kreiger.anita','2010-10-10','ton',''),
('5','schroeder.chase','1998-02-02','view',''),
('6','mohr.chadrick','1989-04-06','bury',''),
('7','willis07','1984-07-16','mouth',''),
('8','jmoen','1997-11-08','fort',''),
('9','rosa.gerlach','1990-01-15','shire',''),
('10','brannon.thiel','2019-05-19','mouth',''),
('11','lisa14','1985-01-23','ville',''),
('12','jadyn27','1979-11-18','mouth',''),
('13','brekke.sarai','1987-12-11','chester',''),
('14','nicolas.baylee','2014-06-27','view',''),
('15','akuhn','1974-06-13','haven',''),
('16','kling.elsa','1987-03-24','shire',''),
('17','dominic.nikolaus','2007-11-30','port',''),
('18','stacy.zemlak','2013-05-06','fort',''),
('19','reichert.gordon','2018-12-29','haven',''),
('20','jast.timothy','2007-01-19','shire',''),
('21','mckenzie.myriam','2001-11-18','burgh',''),
('22','ottis.satterfield','1974-03-01','mouth',''),
('23','tremaine.daniel','1986-04-26','mouth',''),
('24','hilbert59','2013-08-22','haven',''),
('25','rau.nikko','1982-09-25','town',''),
('26','trau','2011-02-15','burgh',''),
('27','hodkiewicz.jamaal','1976-04-12','chester',''),
('28','guillermo.gislason','1993-03-02','land',''),
('29','santa79','1980-12-07','fort',''),
('30','mfunk','2003-01-29','port',''),
('31','jrunolfsson','1978-12-13','berg',''),
('32','andrew.sporer','1971-08-16','haven',''),
('33','abogan','1973-04-22','side',''),
('34','bailey.stoltenberg','2009-01-24','burgh',''),
('35','gutmann.jolie','2001-11-07','fort',''),
('36','shilll','2005-11-07','haven',''),
('37','welch.natalie','1987-02-28','ton',''),
('38','dayna.ritchie','2003-07-15','burgh',''),
('39','tgibson','1998-05-09','ton',''),
('40','bartholome.gleichner','2007-07-21','port',''),
('41','anastasia89','2017-09-04','stad',''),
('42','schmidt.augusta','2006-12-22','haven',''),
('43','oharvey','1999-05-25','fort',''),
('44','shakira.johnston','1982-12-06','town',''),
('45','pklein','1971-03-11','side',''),
('46','matt13','2007-11-16','borough',''),
('47','weston.lemke','1978-09-30','haven',''),
('48','noble52','1988-02-05','burgh',''),
('49','tromp.darrion','1972-05-22','borough',''),
('50','hermiston.nikita','2012-08-31','land',''),
('51','maxwell.wisozk','1979-06-06','haven',''),
('52','syble16','2016-05-13','bury',''),
('53','monahan.garry','1985-06-04','ville',''),
('54','abergstrom','1984-11-02','side',''),
('55','lavern58','2018-12-22','ville',''),
('56','grant.halvorson','2017-12-30','port',''),
('57','charlie43','1990-07-05','burgh',''),
('58','haley.josiah','1972-10-04','fort',''),
('59','bortiz','1991-12-25','side',''),
('60','celine.champlin','2018-02-08','ton',''),
('61','santos.herman','1986-06-20','fort',''),
('62','letitia.rolfson','1974-08-29','fort',''),
('63','karli.durgan','2006-09-25','mouth',''),
('64','arianna58','2016-07-13','stad',''),
('65','sydnee14','1983-11-30','borough',''),
('66','arlie97','1972-01-01','side',''),
('67','letitia.cummerata','2000-07-13','side',''),
('68','lmoen','2010-03-02','shire',''),
('69','hodkiewicz.issac','1974-09-13','shire',''),
('70','grayce.hettinger','2019-09-03','port',''),
('71','rodger06','1986-09-27','borough',''),
('72','rowe.leslie','1996-06-16','side',''),
('73','emelie.romaguera','1978-10-28','burgh',''),
('74','kayden.donnelly','1972-08-30','chester',''),
('75','stephon68','1974-02-20','ton',''),
('76','chaim.gleason','1992-06-10','berg',''),
('77','jarrell77','2010-02-11','fort',''),
('78','beer.cornell','2005-05-31','fort',''),
('79','myles.howell','1998-04-08','land',''),
('80','ofranecki','2006-01-20','berg',''),
('81','alison.lebsack','2010-03-19','side',''),
('82','weissnat.alejandrin','2008-06-30','ville',''),
('83','price.clarissa','1983-05-23','mouth',''),
('84','mitchell38','2011-11-09','burgh',''),
('85','elliot.kshlerin','2004-01-19','fort',''),
('86','nicolette59','1978-02-22','borough',''),
('87','chelsea.green','2018-10-30','stad',''),
('88','cmedhurst','1970-05-23','land',''),
('89','edd70','1991-05-04','view',''),
('90','jonathan99','1999-11-22','stad',''),
('91','madison43','1987-02-12','side',''),
('92','thaddeus26','1983-10-26','side',''),
('93','schumm.ilene','1995-08-29','furt',''),
('94','chet85','2017-05-06','fort',''),
('95','frida.rodriguez','1993-06-28','furt',''),
('96','ogleichner','2017-03-12','land',''),
('97','kerluke.lisandro','2016-07-26','borough',''),
('98','wflatley','1974-09-05','bury',''),
('99','king.darrel','1988-01-25','mouth',''),
('100','dcorkery','1984-03-17','ville',''),
('101','marjory44','2011-11-04','burgh',''),
('102','gregg95','2016-03-26','bury',''),
('103','evert25','1972-03-11','stad',''),
('104','qritchie','2002-06-05','ton',''),
('105','fkeebler','2001-12-21','side',''),
('106','nader.jayde','1995-08-16','chester',''),
('107','camila35','1978-06-17','side',''),
('108','jamaal24','2015-09-15','fort',''),
('109','wziemann','1989-07-07','ton',''),
('110','denesik.jamel','1991-03-21','land',''),
('111','carmen40','2010-02-01','mouth',''),
('112','reynolds.susan','2005-10-08','chester',''),
('113','eluettgen','2010-03-13','ville',''),
('114','king84','1991-11-28','haven',''),
('115','haley.harry','2000-03-15','town',''),
('116','tyra77','2009-03-25','ton',''),
('117','moen.roman','2018-12-04','burgh',''),
('118','hickle.juana','1972-03-16','haven',''),
('119','schumm.chaya','1989-03-02','burgh',''),
('120','corbin.borer','1999-08-05','mouth',''); 


DROP TABLE IF EXISTS `revisions`;
CREATE TABLE `revisions` (
  `user_revision` bigint(20) unsigned NOT NULL,
  `film_revision` bigint(20) unsigned NOT NULL,
  `created_at` datetime DEFAULT current_timestamp(),
  `body` text COLLATE utf8_unicode_ci DEFAULT NULL,
  `status` enum('approved','rejected','on moderation') COLLATE utf8_unicode_ci DEFAULT NULL,
  `updated_at` datetime DEFAULT NULL ON UPDATE current_timestamp(),
  PRIMARY KEY (`user_revision`,`film_revision`),
  KEY `user_revision` (`user_revision`),
  KEY `film_revision` (`film_revision`),
  CONSTRAINT `revisions_ibfk_1` FOREIGN KEY (`user_revision`) REFERENCES `users` (`id`),
  CONSTRAINT `revisions_ibfk_2` FOREIGN KEY (`film_revision`) REFERENCES `films` (`id`)
) ENGINE=InnoDB DEFAULT CHARSET=utf8 COLLATE=utf8_unicode_ci;

INSERT INTO `revisions` VALUES ('1','42','1990-06-20 09:34:13','Et dicta ut suscipit autem ut laborum ut. Eum dicta atque incidunt commodi. Necessitatibus repudiandae odit velit cupiditate. Eum qui qui magni culpa.','approved','1998-02-21 10:05:44'),
('1','70','2004-12-23 12:01:33','Repudiandae voluptatem eligendi unde id in est vel iure. Officiis quidem at facere ea dicta dolor. Similique dolorem quasi doloremque fugit numquam.','approved','1994-12-28 22:27:25'),
('2','35','1984-02-21 15:23:12','Ut corrupti quibusdam minus ex ullam odio ducimus. Rerum nihil repellat unde maiores quas tempore beatae. Tenetur officiis sequi voluptatibus omnis perferendis.','rejected','1973-05-20 08:30:54'),
('3','95','2010-02-20 02:31:29','Sunt natus sunt esse eius enim enim. Repellendus dolores quasi beatae incidunt qui doloribus dolores. Aut doloremque dolorum blanditiis ex tenetur eius.','rejected','2016-07-28 03:52:29'),
('4','1','1985-04-22 13:51:23','Magnam distinctio beatae tempore sapiente enim eum. Consectetur quaerat non facilis. Id sapiente rerum molestiae incidunt veritatis. Exercitationem saepe enim labore voluptate distinctio non ipsam.','on moderation','1994-01-21 18:00:55'),
('5','66','1997-10-25 16:47:36','Et eos velit nobis ipsa nesciunt tenetur consequatur. Sunt amet et praesentium magni dolores.','approved','1973-01-15 09:39:28'),
('6','99','1974-05-04 06:40:39','Et veniam omnis quia quasi vel non. Vel tenetur sit voluptates nostrum deserunt. Numquam repudiandae dolorem rerum et rem. Laudantium amet incidunt modi aspernatur dolores ut.','approved','2008-10-31 17:20:38'),
('6','107','1980-01-18 18:57:51','Saepe rerum quo accusamus autem ut. Et rerum blanditiis dolor qui. Harum magni recusandae reiciendis sequi accusantium architecto. Necessitatibus consequatur ut qui suscipit.','approved','1976-05-19 05:13:53'),
('8','32','2002-09-03 16:12:53','Veritatis consequatur voluptatem rem. Distinctio et illo aspernatur error. Quis neque et temporibus. Perferendis facere libero officiis.','on moderation','2005-09-19 12:47:19'),
('8','78','1989-06-07 03:31:30','Laborum est in sed aperiam. Repellendus sed voluptatem laborum.','rejected','2016-01-01 04:46:34'),
('9','51','1974-06-03 16:41:34','Rerum aspernatur omnis suscipit et illo non sequi. Hic est earum voluptatem iste sed sunt. Sed non adipisci sed pariatur consectetur libero omnis. Molestiae vel nisi numquam deleniti explicabo itaque eius et.','rejected','1972-06-12 17:01:50'),
('10','67','1986-04-09 21:03:56','Quo quia et perferendis fugiat porro mollitia. Omnis earum numquam molestiae incidunt eligendi et. Sapiente sed commodi enim delectus quo laboriosam.','rejected','1998-05-31 01:27:54'),
('10','126','2017-05-08 23:34:18','Optio modi qui exercitationem non. Blanditiis natus error odio. Aliquid debitis autem quod hic temporibus. Maxime dicta dolorum vel beatae quia similique quam. Alias consequatur voluptatem mollitia est et sunt.','rejected','1980-06-21 05:15:12'),
('10','149','2002-09-25 15:53:21','Porro labore aliquid aliquam saepe voluptatem. Doloribus tenetur saepe nam alias. Sapiente eaque nobis at autem minus.','on moderation','1976-12-26 09:49:15'),
('11','23','1974-02-25 12:42:26','Velit perferendis ipsa sit beatae iste et. Veniam vel voluptatibus autem veniam debitis molestias.','approved','2014-07-15 01:41:06'),
('14','57','2008-03-03 08:31:52','Omnis enim molestias reprehenderit reiciendis. Voluptate eum quod nam ipsum quos expedita impedit aut. Illo quidem soluta distinctio dolores minima.','on moderation','2011-08-04 14:47:50'),
('14','62','1974-12-05 02:44:57','Quod earum molestias non nostrum deserunt quas. Fugiat consectetur qui ad. Eum placeat delectus quisquam a molestias molestiae. Omnis autem laudantium id ullam enim. Perferendis iste et perferendis perspiciatis qui.','on moderation','2009-10-10 16:54:53'),
('14','108','1978-02-15 15:49:24','Qui dolore in quidem eos voluptatibus quia. Enim voluptate saepe sit sint saepe nesciunt. Voluptatibus nisi quia omnis sunt culpa ullam commodi dicta. Sed error tempore maiores ut.','approved','1988-04-02 08:53:56'),
('15','13','1976-02-02 16:01:57','Hic saepe deleniti aut fuga. Nesciunt sit suscipit tempora non ullam sunt. Natus cumque maiores velit ipsam. Assumenda aut at voluptatem rerum.','rejected','1994-04-16 01:55:21'),
('15','63','2009-10-10 18:23:19','Voluptate quia consequatur magni eum accusamus. Reprehenderit delectus aperiam animi totam velit facilis id. At rerum et necessitatibus iusto ducimus eaque. Non aut incidunt sed odit porro recusandae.','approved','1979-02-16 03:39:46'),
('17','114','1987-06-04 10:26:05','Est beatae omnis laudantium in. Ipsam et iste facere facere tenetur. Omnis temporibus animi aspernatur illum est.','approved','1973-03-14 06:49:21'),
('19','6','2012-01-03 20:04:13','Perspiciatis dolorem quo aut deleniti nemo alias veritatis. Labore esse voluptatum non voluptatibus dolor.','rejected','2002-12-14 13:21:15'),
('20','122','2008-04-30 21:51:02','Sed minus et eius voluptatem. Quia architecto qui aut porro minus dolores.','approved','1989-06-28 20:37:05'),
('22','97','2003-01-16 19:08:27','Delectus iure laudantium veritatis est atque commodi pariatur. Laborum enim molestias dicta ipsa facilis eaque. Accusamus velit non vel perferendis corporis distinctio enim.','on moderation','1981-06-30 12:52:20'),
('23','70','2003-07-15 21:34:38','Velit est explicabo voluptas repudiandae quaerat eaque temporibus. Voluptatem nesciunt et eius similique blanditiis voluptas cumque. Rem est velit in sit rerum repellendus.','rejected','1993-08-08 14:12:46'),
('24','38','1988-12-27 03:50:26','Qui ut quae rerum consequatur debitis. Sit pariatur repellat odio in. Voluptatibus quidem sunt cum recusandae itaque.','on moderation','2003-04-10 10:01:45'),
('24','84','2009-06-13 16:06:43','Rerum cum possimus architecto vel deserunt doloribus occaecati. Nam adipisci doloribus sit voluptates voluptatum aut officia. Dolorem voluptas consequatur dolor et error modi.','on moderation','1972-03-09 03:34:19'),
('25','10','2018-10-22 19:19:05','Autem minus sapiente occaecati nihil. Praesentium magnam ex est officia vel. Aut eaque molestiae enim rerum. Dolore quas similique tenetur nesciunt soluta consequatur ut.','approved','1973-10-27 09:28:03'),
('25','118','2009-11-15 07:35:46','Fugiat sint vitae deleniti eius ea laboriosam et. Sunt soluta totam cumque quis enim ad et. Sit et inventore doloremque inventore. Dolores quis et ea qui in quia blanditiis.','on moderation','1974-06-10 12:48:19'),
('27','44','1974-04-16 02:36:02','Est consectetur recusandae quibusdam aliquam. Molestiae dolor nemo sed est est. Et tempore et laudantium eveniet ut. Cum sequi ex perspiciatis accusantium.','rejected','1995-04-18 17:23:18'),
('29','77','1974-05-13 14:25:11','Et repellat voluptatem rerum consectetur voluptatem laudantium nulla. Placeat non illo fugit hic sit qui. Ut reiciendis dolor omnis voluptas soluta aspernatur qui.','on moderation','1979-05-10 11:48:16'),
('29','106','1972-07-10 04:39:53','Distinctio eum eum quod ut. Quidem veritatis minima non nesciunt qui. Sunt enim qui voluptate commodi doloremque dicta fugiat. Doloribus in in cupiditate nisi consequatur assumenda cumque consequatur.','on moderation','2018-04-25 10:50:03'),
('30','57','1972-04-08 06:45:56','Ullam voluptas amet ipsam. Delectus cupiditate facere voluptatem at. Et in ut cupiditate harum et et voluptatem. Aut voluptates cupiditate sapiente est in soluta eaque.','on moderation','2001-07-23 10:35:49'),
('32','8','1979-10-18 05:48:45','Ipsa officiis officia totam laboriosam dolores id aut. Aliquid repudiandae est reprehenderit eveniet aut autem assumenda. Explicabo placeat id voluptatum voluptatem maxime vitae. Error eum exercitationem eaque harum fuga sit.','rejected','1995-08-23 17:01:38'),
('33','57','2001-09-24 18:59:20','Commodi assumenda inventore ut dignissimos commodi hic temporibus. Voluptate odio dolorem nihil. Officia nulla et consequatur dolorum necessitatibus ut.','rejected','1979-08-07 05:34:04'),
('34','10','1996-12-05 16:09:42','A est rerum et optio quisquam dolore et. Est voluptas eaque quibusdam distinctio ad. Ut consequatur qui ratione. Minus ad et facere qui qui quisquam animi.','on moderation','1978-09-18 10:33:36'),
('34','76','1976-05-03 03:13:45','Quibusdam quod est voluptates sit eaque qui. Sed aliquam et exercitationem est. Non sit dolor enim debitis qui ducimus.','approved','1988-07-18 00:04:11'),
('34','120','2018-09-29 19:25:51','In odio asperiores aperiam. Enim et sit quis. Ut quod et repellendus impedit et inventore.','on moderation','1997-03-01 05:28:09'),
('34','143','1984-05-28 22:57:44','Voluptatem a sit adipisci ut quasi aut velit. Delectus omnis ipsam totam aspernatur minima voluptates et eum. Repudiandae voluptatem minus nihil aliquam ut rem aut. Eius nisi et ad assumenda autem dignissimos at. Vel dolor autem tempore quo eos quisquam.','rejected','2010-05-23 18:19:12'),
('36','123','1970-05-06 09:37:06','Sit reprehenderit quis eligendi. Non et dolorem autem est. Ab labore velit ut voluptate repudiandae. Ullam et cum culpa eveniet labore non.','rejected','2004-10-28 08:51:46'),
('37','75','2010-04-19 18:27:02','Et et et natus atque sunt et. Odio maiores vero et ut. Velit molestiae exercitationem doloremque veniam. Vel qui facere officia consectetur esse voluptatem.','on moderation','1997-09-04 15:26:58'),
('37','125','2019-06-22 07:54:44','Tempore temporibus incidunt odio doloremque alias quae. Et nobis ipsam vitae. Molestiae accusamus dolor molestias sapiente corrupti tempora. Quidem adipisci reiciendis ullam dignissimos.','on moderation','1983-03-09 04:39:32'),
('38','22','1977-10-24 17:16:41','Odit vel nihil dolores. Dolorum eum fugiat animi voluptas ut architecto nihil. Libero impedit exercitationem quis maiores asperiores.','on moderation','2011-08-31 19:07:06'),
('38','53','1985-12-21 16:17:33','Est officia voluptas amet voluptatibus. Incidunt quia veritatis officiis non. Vel quo reiciendis et quo.','on moderation','2013-05-26 22:33:51'),
('41','123','2002-04-21 18:48:14','Velit sint aut expedita consequatur eveniet eos qui laboriosam. Possimus ea dolore voluptate porro. Aliquid laudantium nihil assumenda maiores et impedit. Aut tenetur quaerat totam dolorem dolorum ea. Ipsa ut temporibus cumque neque.','rejected','1974-11-01 05:02:38'),
('42','139','1987-10-06 08:44:04','Id dignissimos et recusandae cupiditate non ab. Quas temporibus sint ut laborum cupiditate omnis earum. Excepturi consequatur inventore nulla assumenda ea similique.','on moderation','1978-12-27 17:38:35'),
('43','10','2019-03-22 23:01:27','Rem quas quisquam tenetur. Quisquam et quibusdam facilis sit. Quis vero nihil accusamus sit et tempora.','approved','1978-12-26 07:22:48'),
('43','99','1973-03-12 11:34:13','Pariatur tempore et occaecati neque laborum nihil velit. Eligendi et rerum vitae et quis dolores. Libero eius sunt unde molestiae omnis error qui dolorem. Impedit ad sunt laborum vitae.','approved','1975-06-03 20:40:43'),
('45','83','2016-09-16 16:46:30','Dignissimos quos nobis reiciendis mollitia. Accusantium totam non qui aut accusantium laboriosam. Molestias cupiditate consequuntur cum ullam corrupti ut perspiciatis porro. Non ut sint dolores rerum asperiores deleniti. Aliquid maxime ipsa cumque est repudiandae maxime.','on moderation','2018-10-18 09:14:23'),
('45','106','1993-10-05 14:42:34','Minus aut et sit ut eum voluptatem omnis. Et harum architecto ab asperiores sit. Eaque ea rem eos. Reprehenderit culpa unde laborum sequi excepturi.','on moderation','1994-11-07 19:57:34'),
('46','66','1999-02-02 07:41:51','Quia id nostrum enim laudantium. Ducimus culpa beatae quae est voluptatem et tempora ullam. Nemo quod aut omnis tempora.','on moderation','1995-09-06 10:25:59'),
('47','2','1986-03-10 16:17:05','Ut molestiae voluptas vero. Eius laborum provident aut labore labore.','rejected','2017-02-21 00:55:19'),
('47','9','1977-10-29 21:14:54','Commodi voluptas enim ipsum soluta. Unde aut ullam a voluptas modi. Facere praesentium ipsum minima occaecati eum quos aliquam reiciendis. Qui ut tempora vel ut.','approved','2006-04-22 00:55:10'),
('48','142','1985-10-18 04:22:32','Blanditiis et accusantium fuga. Ipsam harum omnis ut cupiditate veniam maiores. Eos laboriosam maiores nulla incidunt. Velit perferendis ut quibusdam ut labore. Possimus illum architecto maxime quaerat quasi.','approved','1989-10-10 13:37:07'),
('49','53','1990-02-11 23:59:59','Fuga quasi voluptatem eum culpa ut. Repellendus nobis quo quos necessitatibus iure velit autem maxime. Dolorum recusandae velit consequatur iste voluptatem beatae.','on moderation','2016-03-27 11:45:35'),
('50','1','2001-10-01 19:09:40','Blanditiis in a et et amet quo illo. Qui quidem voluptas officiis facere eos. Sit mollitia accusantium eos saepe magni dignissimos. Rerum fugiat asperiores eaque voluptates.','rejected','2006-08-12 17:58:40'),
('50','20','2018-08-11 02:33:17','Optio officiis neque voluptas doloribus. Repellat est nulla sint ipsum. Blanditiis eum aut accusantium rem.','rejected','1985-12-03 13:08:07'),
('51','76','1989-12-27 16:21:59','Dolores minus dolor magnam quae dolor nisi quidem soluta. Sint blanditiis soluta quia voluptatibus ut. Dicta sit aperiam consequuntur praesentium. Necessitatibus harum et assumenda quam.','on moderation','2016-07-30 05:24:11'),
('51','103','1992-09-03 00:36:55','Et voluptates dicta fugiat nihil praesentium. Esse possimus rem quasi ut nihil omnis est. Iste et reiciendis suscipit ut saepe sint consequuntur. Impedit quisquam odio recusandae explicabo ad magnam molestias ex.','on moderation','2002-08-05 17:25:33'),
('51','129','2004-08-27 22:53:20','Sit quis voluptate veniam architecto at ducimus. Voluptas consectetur sed sint ipsum possimus et. Quaerat eos non voluptate voluptas nihil.','rejected','1995-07-30 20:31:41'),
('51','140','1997-07-16 02:22:57','Facilis repudiandae inventore est et alias. Quas aut explicabo velit non expedita. Iure rerum asperiores dolores minus impedit. Dolores vitae dignissimos ratione eos tenetur.','rejected','1975-05-23 03:35:17'),
('52','63','1980-07-18 14:05:09','Dolorem veniam quibusdam odit reprehenderit modi quibusdam autem. Suscipit rerum dignissimos ea modi aut pariatur similique molestiae. Consequatur maiores eum et adipisci quis distinctio. Optio quibusdam dolorem ullam sint placeat in voluptatem. Et suscipit quia sequi.','on moderation','1995-04-07 15:35:38'),
('52','76','1976-12-26 14:04:29','Minima sed quae eos dolore quis at qui doloremque. Consequatur porro velit rem consequatur libero vero est. Tempora et ipsa voluptatem expedita quidem. Eaque iusto dolor debitis repellat qui.','rejected','2016-10-14 02:26:42'),
('53','44','1972-12-04 08:29:45','Labore dolorem ea est voluptas quibusdam. Harum aliquid a tempore qui qui inventore voluptate. Atque porro libero quidem.','approved','2019-04-02 14:19:09'),
('53','65','1972-07-08 23:06:08','Quaerat amet iusto quam dicta. Necessitatibus id est ea illum ut. Ullam laborum accusantium doloremque magnam eum ad eligendi. Eum dolor magnam quia quaerat dolore.','rejected','2017-01-30 08:10:38'),
('54','23','1973-02-26 05:39:40','Reiciendis quas quia est. Laborum voluptas quis dolor modi magni. Quae sed eos veniam nobis. Recusandae quia est ducimus sapiente quidem veritatis et ipsam.','approved','2006-01-27 16:52:26'),
('54','28','1996-04-15 07:30:41','Sint occaecati qui consectetur suscipit molestiae autem atque. Quia ut minus et alias. Vel quia sunt repellat ipsam. Ratione quod rerum quo aliquam iure ratione.','on moderation','1993-07-24 18:04:42'),
('54','127','2009-01-13 06:21:15','Delectus excepturi tempora voluptatibus alias. Qui cumque iste ad in numquam beatae a. Non neque ut quia quia fugit ea. Rerum ea doloribus cupiditate rerum enim. Illo quis praesentium iusto.','rejected','1988-06-16 17:59:49'),
('55','132','2019-03-04 03:44:01','Error eaque perspiciatis iure in minima. Iure assumenda et molestiae voluptatem omnis ex. Ipsum velit similique provident possimus ad qui. Nostrum quo corporis ad dolores et sed.','rejected','1990-06-20 17:15:13'),
('56','38','2010-10-22 13:36:59','Corporis vitae consequatur laborum ratione libero pariatur. Nulla hic reprehenderit temporibus nihil. Dolores et earum esse.','on moderation','1992-12-19 22:16:41'),
('56','46','1981-01-08 02:49:10','Quae perferendis quod facilis eum in doloremque blanditiis provident. Quam cupiditate molestiae cum est ipsam dicta ad. Saepe quae adipisci dolorum laudantium beatae corrupti occaecati.','on moderation','1988-05-29 17:00:45'),
('56','70','1996-03-02 23:27:07','Possimus et ea sint similique. Ratione explicabo minima deleniti reprehenderit in beatae. Et blanditiis et vel nihil sit rerum voluptatem et.','on moderation','2006-04-19 02:09:25'),
('59','105','1995-06-06 23:59:09','Maiores tempora eaque dolores debitis. Incidunt maxime asperiores eveniet harum deleniti eius provident eligendi. Cum dolor veritatis dignissimos rem deleniti.','on moderation','1990-09-04 06:56:59'),
('59','146','1989-12-19 14:57:12','Deserunt repellat consequatur dicta et suscipit nihil ex molestiae. Ut totam eos sunt sequi sapiente recusandae et. Corrupti iusto sit voluptatem consequatur. Quae et dolorem eligendi a.','approved','2009-01-03 11:39:57'),
('61','11','1991-11-05 05:02:19','Dolor eaque sit sunt voluptatem magnam aspernatur et impedit. Est et et reiciendis. Beatae aspernatur quam qui velit corporis et consequatur.','on moderation','1997-07-30 03:50:01'),
('62','19','1983-07-07 12:42:41','Magnam esse nesciunt dolor inventore consequuntur facere. Quibusdam similique et quasi veritatis. Est aliquam libero autem.','rejected','2001-07-20 10:18:51'),
('63','7','2018-12-05 10:00:19','Quisquam error et ut maxime. Amet illum sint assumenda quisquam magnam qui debitis. Velit et qui commodi ad. Delectus et aliquam provident repudiandae dolorem. Accusantium eligendi facilis delectus.','approved','1982-11-20 00:24:36'),
('63','22','1974-08-10 04:21:21','Rerum voluptas sit maiores et ad ab et. Non in eveniet aperiam id ut earum non. Exercitationem sit repudiandae atque facere unde libero.','on moderation','1974-11-18 06:08:29'),
('63','137','1996-02-26 13:36:24','Quae eaque dolor nihil dolores. Numquam tempora sed aliquid sit esse est. Odio ut voluptates earum voluptate soluta a facere. Voluptatibus cumque incidunt non illo et ut odio.','on moderation','2011-02-28 02:10:05'),
('64','37','1985-01-17 17:19:26','Recusandae beatae repellat distinctio. Dolorem vero pariatur est. Similique est sequi consectetur laudantium autem et et. Distinctio ullam consequatur sed labore eos ut.','on moderation','2004-06-11 05:37:29'),
('64','108','2008-10-29 17:02:34','Quos facilis distinctio et ut. Asperiores occaecati expedita minus placeat ut. Dolores vel officia rerum temporibus est. Rerum ut tempora blanditiis porro illo. Temporibus similique ducimus corporis sunt ipsam inventore voluptatem ducimus.','approved','1992-07-03 09:04:19'),
('68','22','2010-01-16 09:01:07','Corrupti illo voluptatem aut voluptatem aut omnis quo natus. Itaque architecto sit sint nemo vitae delectus dolore. Ut delectus aut maxime quis ipsum ipsa aliquam.','on moderation','1994-03-07 20:02:12'),
('68','91','1995-02-04 10:06:12','Repellendus ducimus impedit animi quia at a. Expedita cum adipisci eius sit totam. Corrupti dolore temporibus ipsa enim consequatur soluta.','on moderation','2008-09-02 18:42:27'),
('69','28','1999-08-30 13:10:59','Dolorum iste aut rerum maiores officiis. Dignissimos rem nisi voluptatem nesciunt. Provident dolores voluptate non dolorem consequuntur aperiam modi. Veniam fuga aut deleniti nulla et.','rejected','2003-06-11 08:22:20'),
('69','125','1989-02-12 03:15:22','Dignissimos quo minima veniam quo et optio. Dolorem enim in id nesciunt qui. Sit sed repellendus ipsam eos deserunt quo.','approved','1973-08-06 22:10:39'),
('70','51','2016-01-29 17:50:53','Incidunt placeat minus facilis maxime repellat omnis id. Laudantium culpa doloribus sit a impedit cumque eos enim. Minus in voluptatem consequatur assumenda est maxime.','rejected','2000-01-27 15:26:44'),
('70','75','1996-09-09 01:46:22','Corporis autem nulla earum architecto et consectetur facere. Reprehenderit nemo unde blanditiis sequi. Saepe quia omnis illum necessitatibus id dicta quo dolor. Dolor enim labore voluptatibus molestiae.','on moderation','2015-01-12 02:40:21'),
('73','50','1986-08-02 01:18:08','Repellat et temporibus natus. Perspiciatis occaecati facilis provident. Voluptatem nihil et similique deserunt sit repellat. Iste voluptatem rerum sit ea.','on moderation','2006-05-22 03:37:49'),
('73','54','1970-10-09 19:55:34','Id deserunt dolore commodi autem est reiciendis. Laboriosam nostrum autem illum eos dolorem consequuntur adipisci. Qui vero deserunt error necessitatibus.','rejected','1978-04-29 07:35:55'),
('74','36','2015-01-29 16:41:15','Magni ab consequatur optio aliquid cumque molestiae reiciendis. Tenetur est quo quas sapiente blanditiis quia qui. Placeat itaque praesentium et magni voluptas porro. Consequatur unde est expedita cum quia facere est.','approved','1973-07-12 05:04:28'),
('74','106','1975-03-26 08:34:49','At cumque dolores qui autem dolorem. Ut animi enim ut aut pariatur sed odio. Aut et voluptates qui numquam totam eos ab voluptates. Suscipit provident corrupti repellat animi ut quo tenetur in.','approved','1986-05-06 14:43:50'),
('77','52','1985-06-20 20:33:17','Dolores voluptas vitae dolorem et sint doloremque. Eos adipisci officiis quibusdam minima et mollitia ut. Illo placeat sint optio quia omnis.','on moderation','1981-01-05 11:35:32'),
('77','89','1976-10-10 15:56:47','Velit aliquid qui nulla nobis soluta natus. Id esse enim deleniti aliquid voluptas fugiat voluptatem. Dolores illum voluptatem fuga velit. Accusamus omnis est explicabo consectetur quia commodi.','approved','2004-09-16 22:44:17'),
('77','150','1972-10-30 22:01:00','Autem aliquam rerum aliquam nihil veniam tenetur. Consequatur dolorem commodi nihil dolorem quos. Sit ut aspernatur aut architecto maiores et eius.','on moderation','1970-01-20 03:48:55'),
('78','119','1970-02-08 11:32:03','Atque porro distinctio explicabo qui nulla id. Minima labore laborum quis consequuntur similique quam sit. Ipsam hic sint culpa aut illo aut ullam. Sapiente excepturi deserunt mollitia natus nesciunt.','on moderation','1977-05-29 17:49:35'),
('78','126','1981-03-02 01:23:22','Nostrum hic rem voluptas totam qui ea debitis. Eaque exercitationem ab inventore cupiditate praesentium pariatur.','on moderation','1972-12-06 13:17:43'),
('79','38','1973-02-27 23:30:39','Et voluptas et facilis totam architecto vel sit. Dolores voluptates dolor corporis ad atque saepe quos numquam. Quo similique repellat dolore quo. A perspiciatis impedit asperiores et voluptatibus. Quia numquam at vel laudantium illum ut.','on moderation','1988-08-01 14:11:19'),
('79','65','2001-04-29 15:03:17','Voluptas esse in quo est eius. Autem quis veritatis ab blanditiis labore odit debitis.','rejected','2013-04-11 03:01:43'),
('79','97','2003-01-14 07:43:50','Repudiandae rem nam et qui labore ducimus. Odit repellat numquam similique voluptatem ipsam. Vel in itaque voluptate corrupti molestiae et. Aliquam rerum magni illo sit voluptatum asperiores alias doloremque.','on moderation','2008-07-08 14:10:57'),
('80','51','1998-09-14 01:08:56','Modi sapiente distinctio nulla unde laudantium harum. Ea suscipit vel velit cumque quia recusandae et consequatur. Id minima ullam dolores recusandae quia qui. Enim rem illo nihil et.','on moderation','1976-03-14 08:11:24'),
('81','28','1974-10-28 06:23:01','Aperiam perspiciatis quidem labore earum sit ipsam. Consectetur consequatur voluptatum iste sunt. Quisquam esse doloremque ratione voluptatem maiores.','approved','2009-04-15 01:56:22'),
('81','35','1980-07-18 22:27:24','Delectus quos aperiam reiciendis natus. Adipisci corrupti est ducimus eligendi doloribus quibusdam. Esse molestias laborum consequuntur quia.','rejected','1984-11-14 06:49:06'),
('81','65','1995-10-09 10:57:00','Non cum ullam suscipit qui perferendis tempore sequi. Magni consequatur assumenda accusamus deserunt est. Similique ratione reiciendis quod.','rejected','2012-11-28 08:37:28'),
('81','106','2004-10-12 13:06:37','Molestias placeat est repellat. Sit dolorum nam cumque esse pariatur delectus iste. Ut aut debitis sint officia fuga est rerum et.','on moderation','1977-04-19 19:15:35'),
('81','138','1990-10-21 09:04:56','Id laboriosam consequatur velit reiciendis veritatis quo. Sit ut aut magni et quisquam est nisi tempore. Voluptatum rerum quod sed impedit quaerat. Dolore aspernatur cupiditate et hic corporis.','on moderation','2005-02-09 19:33:54'),
('84','56','1989-02-20 23:36:01','Consequatur reiciendis ea quia inventore consequatur est. Incidunt cupiditate ut molestiae ea beatae consequatur. Velit culpa nobis suscipit. Dolore in quaerat et est dolores sed.','rejected','1998-02-12 01:22:14'),
('85','39','2000-02-14 05:33:54','Ducimus ex aliquid ullam blanditiis est facilis rem. Doloribus voluptatem consectetur minus in sed aperiam et totam. Blanditiis perspiciatis similique qui. Libero quia et reiciendis repellendus cupiditate sed.','approved','2019-05-09 12:43:42'),
('85','121','1976-10-28 18:40:25','Et nostrum perferendis qui adipisci corporis. Velit eos debitis quia. Quas consequuntur quod inventore commodi velit vero velit. Harum exercitationem ea ut quo ipsum aliquid incidunt.','rejected','1971-10-29 04:01:32'),
('86','80','1987-05-15 18:55:38','Veniam numquam voluptatem aut nam nisi. Nihil cumque et asperiores rerum facilis cum officiis. Explicabo amet nisi animi temporibus sed ab. Est voluptatem optio explicabo quaerat ducimus tempora. Dolorem nulla enim doloribus.','approved','1986-05-17 17:04:10'),
('86','81','1982-10-10 20:45:22','Sequi quae dolores nesciunt consequatur et ut odit. At officia ipsum dicta voluptatum. Sapiente consequuntur eveniet reiciendis doloribus alias facilis at.','rejected','1992-12-23 22:05:01'),
('87','5','1990-03-13 15:25:40','Rem quo ut cum iste eveniet consequuntur. Autem quia optio rerum. Minima doloremque ea nostrum placeat. Cum quia et in nihil repellendus expedita et. Rem pariatur incidunt id veritatis qui minima.','on moderation','2009-06-27 06:43:01'),
('87','144','1978-09-13 19:38:38','Atque tenetur sed dicta aut error. Rerum fuga officiis cum voluptates et pariatur. Fugiat nobis earum consequatur sunt sit quisquam. Voluptatem cum iusto id possimus unde ad rem rerum.','rejected','1984-12-03 19:35:04'),
('89','77','2005-08-25 07:52:27','Quae placeat assumenda inventore assumenda. Porro voluptas iure accusamus dolorem. Quasi nisi nobis repudiandae qui. Explicabo vel maxime voluptas consequuntur autem neque. Cumque omnis aut ut nobis quod id nihil tempora.','approved','1975-05-23 08:30:50'),
('90','2','1983-08-29 02:08:32','Vel eum consequatur ab dicta sit unde delectus. Odit dolor necessitatibus repellat ipsam. Quae asperiores ut aut illo.','on moderation','1976-03-17 22:26:38'),
('90','79','1989-01-05 11:31:25','Ut officia cumque et quod non vel. Et sit sunt nemo eaque. Ut voluptatibus alias ut ducimus aut aspernatur. Qui magni sit minus nemo iste commodi sequi.','rejected','2006-11-08 02:35:41'),
('91','143','2004-05-24 14:48:35','Error minima enim ipsam ut sequi. Numquam eaque optio enim quae.','rejected','1998-11-09 16:40:11'),
('92','2','1987-04-29 12:15:23','Non velit tempora accusamus aut natus. Nobis cumque est qui esse maiores. Aliquid cum est maxime perspiciatis nesciunt sunt iusto. Sit illum labore quos suscipit eaque. Et dolores eos odio nihil neque perspiciatis.','rejected','1993-09-30 01:10:29'),
('93','135','2003-04-26 14:24:09','Necessitatibus nostrum eius nemo quis consectetur est repellendus. Voluptatum quaerat sit ex aliquam voluptatibus eos sed quod. Veniam qui ratione quis. Reprehenderit quia est suscipit quasi.','on moderation','2019-11-03 23:00:38'),
('95','69','1977-11-01 09:17:49','Minima quod earum recusandae rerum nam et nesciunt expedita. Architecto quo culpa ipsum magnam. Rerum voluptates ut ab commodi illo architecto. Odio repellendus et est aliquid quis fugiat.','on moderation','2001-06-11 00:10:56'),
('95','98','2011-06-30 16:09:21','Consequuntur officia a et eius voluptatum et. Ratione itaque ex et nobis et consequuntur. Aut libero voluptas mollitia at quibusdam mollitia nam.','rejected','2010-08-02 02:43:33'),
('97','24','1979-06-12 19:02:53','Necessitatibus aut voluptate atque cupiditate aliquid. Unde sit ut debitis. Soluta enim enim accusantium velit.','on moderation','1999-09-08 00:11:09'),
('97','115','1974-06-02 14:48:08','Sit laboriosam nihil aut et. Officia eos vitae aut corrupti molestiae rerum. Molestias iusto dolorem amet beatae hic quia quisquam.','on moderation','2000-05-02 06:38:31'),
('98','148','2008-02-24 03:51:08','Perspiciatis eveniet ratione laudantium voluptate et ea pariatur. Ipsa recusandae et iure praesentium nihil sunt consequuntur. Ratione quo soluta suscipit esse. Minima quia amet dolores. Deleniti eum nostrum perferendis vel et.','rejected','1985-07-17 19:16:39'),
('100','109','2008-08-14 08:14:26','Accusantium occaecati laboriosam consequatur et reiciendis culpa nesciunt. Sed earum pariatur aliquam earum beatae ut iste reiciendis. Molestias et voluptas ut sit. Consequatur sed debitis id ex et.','approved','2019-01-01 06:59:26'),
('101','30','2006-11-23 06:18:14','Non sunt sequi cum fugiat consequatur. Totam aspernatur corrupti sit id voluptas asperiores doloremque dolor. Ea velit temporibus quis. Repudiandae recusandae expedita magnam debitis et.','on moderation','1970-07-12 17:31:47'),
('103','15','2018-04-28 14:49:46','Delectus sint quia ipsam eos et voluptas facere. Culpa nihil ut est accusamus laboriosam sint. Qui nisi dicta qui quos non sint. Incidunt sit ut a odit consequatur.','approved','2006-12-24 02:53:21'),
('103','85','2013-06-22 15:44:50','Quia repellat nulla ipsum corrupti cupiditate qui rem. Autem iure sequi tenetur. Deleniti earum provident vero molestiae autem aliquid.','rejected','1982-04-03 21:31:17'),
('103','127','2009-10-28 02:00:52','Occaecati porro tenetur facere consequatur enim est. Natus qui beatae qui sit aut nostrum. Dolores non quasi vitae in dolor dolorum totam.','rejected','1973-02-09 00:59:35'),
('104','44','2000-03-01 07:32:08','Esse cumque aliquam ad placeat est. Voluptatum deleniti esse quia dolorem cumque totam. Id nesciunt quis impedit quis. Voluptatem quas aut ipsam voluptas.','approved','2006-07-30 21:21:10'),
('104','125','2009-10-05 05:13:55','Facere esse perferendis quis. Adipisci quo dolorem temporibus impedit dicta. Excepturi id recusandae occaecati et tempore. Ut assumenda est laboriosam aut nihil dolorem veritatis qui.','approved','2018-03-12 09:07:03'),
('105','34','1974-10-24 16:27:06','Nesciunt ratione possimus autem deleniti. Voluptas autem cum quas officia earum neque perferendis. Architecto et ipsum tenetur eius sed.','rejected','1984-03-04 22:43:12'),
('105','49','2007-01-24 04:26:32','Dolorem maiores est cum natus qui aperiam enim. Laudantium totam porro aliquam quia et. Odio enim facilis assumenda reprehenderit voluptatem dolores.','rejected','1985-12-31 09:49:58'),
('105','53','1993-11-12 13:58:46','Aut nisi culpa voluptas ut quas magni. Doloribus optio ut odio incidunt doloribus harum. Asperiores laborum enim velit. Voluptatum neque qui recusandae iste repellendus itaque veritatis qui. Nostrum eos eligendi mollitia.','on moderation','1997-10-11 18:00:49'),
('106','78','1970-07-09 18:28:55','Similique facilis quis omnis doloribus unde. Nisi aut ducimus tempora odio itaque laudantium consequatur. Sapiente adipisci consequatur dolor eius ratione dolorem laborum.','approved','2007-04-20 22:59:52'),
('107','79','2008-02-18 09:18:52','Maxime officia ea tenetur et numquam dolore ab. Repellendus quo eos repudiandae rerum quam inventore nostrum. Beatae consequatur quod quos id ea. Laborum repellendus aliquam quia sequi quis.','rejected','1984-11-25 18:10:17'),
('109','142','2003-10-28 03:37:19','Qui qui et voluptatem atque cum dolor. Labore accusantium quia est qui corporis dolor mollitia. Aspernatur ad et ipsum iste accusamus iusto odit.','on moderation','1990-12-06 07:47:31'),
('111','17','1995-01-15 18:51:30','Dicta id vero quisquam voluptas. Possimus perferendis quia eaque voluptatem necessitatibus quibusdam nisi. Non et culpa dolorem qui aut. Unde minus et aperiam sequi sit quae voluptatem.','approved','2015-09-30 03:51:32'),
('111','37','2004-06-24 21:06:42','Quibusdam numquam numquam cum repellendus. Dolor pariatur error et molestias sit. Et magni aut aliquam voluptate sint dolorem voluptas est.','rejected','1996-02-07 03:27:08'),
('111','53','1997-12-10 23:13:41','Aliquam alias laudantium dicta in. Doloremque perspiciatis eos inventore provident consequuntur. Voluptatum repellendus saepe aut debitis facere in ad.','approved','1972-04-04 00:34:03'),
('111','131','1975-07-12 21:48:33','Delectus quis recusandae qui et ea porro dolorem. Ut ipsum hic aut soluta aliquam aperiam. Et velit dolores quo et aut perspiciatis beatae. Enim mollitia soluta eius autem reprehenderit nihil similique quae.','approved','2006-11-14 07:53:27'),
('112','123','1973-07-08 17:18:58','Pariatur rem temporibus nemo id accusamus sit iste. Qui amet et rerum eos earum perspiciatis. Illo aut accusamus voluptatem voluptas.','approved','2001-10-21 14:18:12'),
('113','63','1996-12-11 06:57:18','Fuga veritatis ipsam veritatis molestiae. Voluptatem quisquam debitis id illum ullam impedit. Eaque repellat omnis sint consequatur quas. Quia provident nisi dolores molestiae hic sed.','approved','2018-05-13 11:45:14'),
('113','91','2013-04-06 20:50:06','Sunt laborum perspiciatis iste quia sunt. Voluptates excepturi quos quas. Deleniti vero sunt ex aliquam.','on moderation','1983-04-25 20:56:26'),
('113','143','1986-11-02 00:51:34','Dolor enim illum pariatur. Provident quod soluta et.','on moderation','1992-09-26 12:33:50'),
('114','26','2018-08-01 10:19:32','Fugiat aut possimus quia hic recusandae. Repellendus dolor praesentium distinctio dignissimos aperiam ipsum. Vitae nesciunt delectus voluptas asperiores cumque consequatur. Culpa nesciunt et libero beatae sed cum qui.','on moderation','1983-06-16 15:04:13'),
('114','66','2003-09-22 18:33:45','Reiciendis optio adipisci quam ut eaque. Incidunt vitae totam vero earum omnis excepturi. Non ad et consequatur sint et alias.','on moderation','1987-01-30 12:34:50'),
('115','75','1996-06-22 01:33:42','Et id molestiae sed explicabo sunt voluptatum. Non quasi minus dolor minima.','rejected','1983-09-23 02:18:39'),
('116','16','1971-10-24 09:26:15','Possimus ratione magnam ab nemo iste. Doloribus consequatur inventore consequatur rerum iusto corporis. Qui odit iste et ut. Doloribus laudantium fuga quia.','approved','2005-08-20 21:36:10'),
('119','76','1998-01-19 09:35:33','Sit est harum velit voluptatem et pariatur natus. Aut quibusdam quo porro voluptas accusantium. Tempore laboriosam cum debitis nostrum qui natus.','on moderation','1993-04-07 11:51:25'),
('120','47','2008-06-20 01:55:17','Totam dolor dolorum dolores. In commodi optio voluptatem totam sunt fugit at. Est itaque fuga et vitae velit suscipit.','on moderation','1979-10-29 06:17:48'); 


DROP TABLE IF EXISTS `scores`;
CREATE TABLE `scores` (
  `user_score` bigint(20) unsigned NOT NULL,
  `film_related` bigint(20) unsigned NOT NULL,
  `score` tinyint(4) DEFAULT NULL,
  PRIMARY KEY (`user_score`,`film_related`),
  KEY `user_score` (`user_score`),
  KEY `film_related` (`film_related`),
  CONSTRAINT `scores_ibfk_1` FOREIGN KEY (`user_score`) REFERENCES `users` (`id`),
  CONSTRAINT `scores_ibfk_2` FOREIGN KEY (`film_related`) REFERENCES `films` (`id`)
) ENGINE=InnoDB DEFAULT CHARSET=utf8 COLLATE=utf8_unicode_ci;

INSERT INTO `scores` VALUES ('1','109','1'),
('1','116','2'),
('3','14','2'),
('3','15','2'),
('3','66','1'),
('3','79','2'),
('3','80','2'),
('3','148','10'),
('4','2','7'),
('6','15','3'),
('7','83','1'),
('7','132','2'),
('8','30','1'),
('9','22','1'),
('9','31','7'),
('9','106','4'),
('9','113','8'),
('10','114','1'),
('10','140','3'),
('11','4','4'),
('11','5','2'),
('11','43','9'),
('12','79','5'),
('13','117','7'),
('13','125','7'),
('14','34','2'),
('14','46','3'),
('14','144','1'),
('15','8','5'),
('15','33','2'),
('15','45','9'),
('15','120','6'),
('15','147','7'),
('16','33','2'),
('16','55','2'),
('17','76','10'),
('18','11','9'),
('18','56','10'),
('18','118','3'),
('19','37','5'),
('19','67','1'),
('20','45','8'),
('20','57','2'),
('20','110','9'),
('20','142','4'),
('21','21','6'),
('23','82','6'),
('25','12','7'),
('25','21','2'),
('26','28','1'),
('26','45','1'),
('26','108','2'),
('28','56','10'),
('28','60','10'),
('28','75','7'),
('28','132','2'),
('28','138','10'),
('29','8','7'),
('30','61','8'),
('31','105','6'),
('33','81','6'),
('34','91','1'),
('35','23','8'),
('35','61','7'),
('35','127','10'),
('35','140','8'),
('38','130','8'),
('39','110','8'),
('39','115','4'),
('40','49','2'),
('41','132','1'),
('41','136','10'),
('41','147','8'),
('42','8','2'),
('43','131','4'),
('44','63','7'),
('45','12','6'),
('45','74','4'),
('46','87','3'),
('47','23','9'),
('47','82','5'),
('47','144','4'),
('48','52','8'),
('48','120','2'),
('50','56','1'),
('50','135','4'),
('51','26','9'),
('51','82','2'),
('53','40','8'),
('53','48','2'),
('54','118','5'),
('55','36','4'),
('56','66','6'),
('56','96','8'),
('57','31','4'),
('58','38','1'),
('58','48','2'),
('58','101','6'),
('59','53','10'),
('59','77','3'),
('59','114','9'),
('59','116','10'),
('59','139','3'),
('60','16','10'),
('61','53','7'),
('61','76','8'),
('61','114','9'),
('62','78','9'),
('63','22','3'),
('63','118','7'),
('65','50','8'),
('65','107','10'),
('65','133','3'),
('66','89','5'),
('67','107','2'),
('68','38','4'),
('68','104','5'),
('69','14','9'),
('70','47','3'),
('70','121','3'),
('71','21','7'),
('71','79','7'),
('71','118','3'),
('72','1','9'),
('72','73','9'),
('72','74','2'),
('74','24','5'),
('74','82','10'),
('74','109','5'),
('76','27','2'),
('76','48','2'),
('77','137','8'),
('78','2','5'),
('79','128','9'),
('80','19','9'),
('81','115','8'),
('82','33','6'),
('83','31','6'),
('83','37','5'),
('84','14','5'),
('84','46','9'),
('84','70','7'),
('85','4','6'),
('85','132','7'),
('85','146','2'),
('86','69','10'),
('86','84','8'),
('86','120','5'),
('86','135','3'),
('86','148','7'),
('88','44','1'),
('88','113','4'),
('89','25','5'),
('89','33','8'),
('89','93','2'),
('90','110','2'),
('90','114','2'),
('91','82','9'),
('92','146','6'),
('94','4','10'),
('95','63','10'),
('95','140','1'),
('97','29','1'),
('97','56','4'),
('98','15','6'),
('98','74','4'),
('99','14','2'),
('99','27','2'),
('100','19','1'),
('101','50','3'),
('102','62','8'),
('103','58','9'),
('104','7','3'),
('105','83','6'),
('105','90','9'),
('106','134','1'),
('107','71','7'),
('107','73','3'),
('109','127','7'),
('110','7','5'),
('110','119','7'),
('112','11','6'),
('113','8','4'),
('114','52','9'),
('114','65','2'),
('114','71','10'),
('114','113','5'),
('115','137','4'),
('116','75','9'),
('116','81','7'),
('117','139','9'),
('118','2','2'),
('118','66','4'),
('118','87','1'),
('118','129','4'),
('119','15','4'),
('119','38','7'),
('120','110','4'); 


DROP TABLE IF EXISTS `users`;
CREATE TABLE `users` (
  `id` bigint(20) unsigned NOT NULL AUTO_INCREMENT,
  `nickname` varchar(10) COLLATE utf8_unicode_ci DEFAULT NULL,
  `email` varchar(30) COLLATE utf8_unicode_ci DEFAULT NULL,
  `password_hash` varchar(128) COLLATE utf8_unicode_ci DEFAULT NULL,
  `favorite_director` bigint(20) unsigned NOT NULL,
  `telephone_number` varchar(12) COLLATE utf8_unicode_ci NOT NULL,
  `regestration_date` datetime DEFAULT current_timestamp(),
  PRIMARY KEY (`id`),
  UNIQUE KEY `telephone_number` (`telephone_number`),
  UNIQUE KEY `nickname` (`nickname`),
  UNIQUE KEY `email` (`email`),
  KEY `favorite_director` (`favorite_director`),
  CONSTRAINT `users_ibfk_1` FOREIGN KEY (`favorite_director`) REFERENCES `directors` (`id`)
) ENGINE=InnoDB AUTO_INCREMENT=121 DEFAULT CHARSET=utf8 COLLATE=utf8_unicode_ci;

INSERT INTO `users` VALUES ('1','repellat','aosinski@example.org','8635b3652289724cc9a9bc68542a1f2541b49779','39','1-132-344-04','1985-01-15 10:00:10'),
('2','tempora','jadon05@example.com','4af588f79063e8b637f0faf5220a862bdebcbcc4','22','(143)198-252','2004-04-22 02:10:15'),
('3','dignissimo','abeer@example.org','663f14cd7e1a47f03bca375dfc92a7bc285c7e17','41','325.455.1575','1970-12-21 12:59:30'),
('4','adipisci','ezequiel.durgan@example.org','83d9aa3dc9791ee23d4e9da88820869728933bfd','29','199.842.8450','2003-05-16 20:43:22'),
('5','ut','frankie94@example.org','ec2214d908fd8e2d8df2fb901776f128ed22ca29','34','+83(3)269105','1997-08-10 12:21:53'),
('6','earum','khermann@example.org','346e7cbf62e05af7547f494850cbd549294abaf5','60','767-852-1786','1982-09-23 07:06:09'),
('7','veniam','hand.euna@example.com','7e176cae2a514239afb82b7b8bb9116763d28348','13','261-489-8276','1992-03-06 02:31:36'),
('8','non','cale28@example.org','c6954f35223131ec3e0d64c8c0fca0463036fb57','10','(906)943-903','2008-10-03 23:38:20'),
('9','exercitati','lila99@example.com','35fcb80339e0861cce20935c97667ee5827bac80','6','+35(9)102207','2014-03-23 17:57:41'),
('10','voluptatib','alford.quitzon@example.org','2df3327e81875962eef3c63c85fe9a2824843625','50','(990)495-494','1984-11-20 00:21:45'),
('11','nam','littel.newton@example.com','d968958ab69602be410ad467060a6b3a17e4e462','21','197-905-7653','1980-06-28 21:59:48'),
('12','unde','kfriesen@example.com','df9ddbda5bebaac42d00f7fe4c6b0f257ea6dd13','49','01313527202','1988-10-21 10:26:11'),
('13','maiores','rwisoky@example.net','c99376e7bcad281873a021135e1cf742b50b1daa','49','1-405-188-88','1989-10-20 22:40:56'),
('14','nesciunt','harris.kendra@example.com','f4e44782d8be7ad24b5c30f78c931a5a0f24e57b','18','128.083.5431','2019-02-24 04:03:53'),
('15','qui','westley33@example.net','39b357e59a777abe693c50d2dafb7d616444448e','54','1-162-983-44','1981-12-31 00:53:42'),
('16','et','antonietta.brekke@example.org','f267f4d53901160052912b460af952a666e63cc5','35','1-533-730-89','2017-10-12 21:46:35'),
('17','nihil','sortiz@example.net','8eee65ca8a9a8858f6f33f88b05d64067a6fede3','9','781.551.8901','2000-06-09 08:07:19'),
('18','laudantium','bconsidine@example.org','b16cfb893a66b9ef6d72e7014a77317d1c10fdaa','39','(571)468-185','1997-05-20 19:53:29'),
('19','quia','willow21@example.org','9e96cc5b0772b4b7d5954fc4ac0299895aea4b36','16','420.857.6626','1983-01-28 08:33:50'),
('20','labore','powlowski.dewitt@example.org','0f365244fff5a5bb3fd5511032a4f127a7fbf55d','53','1-754-369-65','1987-05-19 20:18:04'),
('21','nulla','koch.elenora@example.net','7c98afd05bb9830b49df63f2c172e8ca540f4fd8','48','1-900-120-29','1999-05-06 11:29:03'),
('22','iste','dmoore@example.org','25700446bb5d4882e25ce2a742f98537519f31c2','25','1-036-781-83','1983-05-21 16:20:07'),
('23','voluptas','german06@example.net','fb784cca2d6299f517b76a6c8b97c4b710bfd241','58','(160)751-984','2009-04-24 14:39:11'),
('24','autem','bins.payton@example.com','3562e019772f58ef74663030c0d1f5a06fc569ea','2','146-203-2237','2011-12-24 20:49:49'),
('25','ad','vveum@example.net','06d8ad572de1454a04d40dc3581b04cfad1d7d11','32','856-842-3360','2004-04-27 04:11:19'),
('26','odio','gonzalo45@example.org','4859d3295ded922d15919a7bad8e5dc2a666b20e','56','1-086-510-83','1974-05-09 09:03:37'),
('27','sed','ksauer@example.com','f2705b2eb176214acf7d01fb69f2d225102c2882','37','120-370-9194','1995-10-18 05:38:26'),
('28','minima','ybarton@example.net','3ac6a5bfe84fe11855286011b36d12edbb4ec4c5','22','789-336-0600','1970-04-21 08:21:21'),
('29','vel','drew.zulauf@example.org','be2b23b108107359220d23f92de4008c0de24e66','4','541-041-5036','2015-02-14 16:25:00'),
('30','impedit','haven95@example.org','d253ee367265c282c8a4bacf15e06b963cfa3264','18','1-879-098-16','1999-10-10 04:40:58'),
('31','consequatu','alden66@example.org','3484760041664478169a17480e0fa1f359136fb1','24','05154749741','2016-09-13 18:36:45'),
('32','at','marlee.ziemann@example.org','eaef7fc3e3505bf7925470ed0c4ac97971834c0b','42','488-844-2439','2009-09-20 16:12:43'),
('33','sunt','senger.garrison@example.net','0e7e0a735ad54dc5cb20ac8c7772fe22647c9757','39','1-882-946-24','1995-07-18 11:43:34'),
('34','quam','cjohnston@example.com','3151d20341c3fbaf74530f0f3d0efbf02657c0b6','5','(944)567-856','1999-08-29 19:32:02'),
('35','nisi','alexander11@example.net','8453940a6021ffc15d4ca077446bff1272a703a6','10','(147)495-878','1972-02-23 10:23:09'),
('36','facilis','jstoltenberg@example.com','3d4540270bc50c06f581d474befc69275f516554','13','(955)643-455','1987-04-05 14:49:02'),
('37','aperiam','wgleichner@example.com','e645bad4f803a12f78e91ae60d13a305f08ee138','4','01805386002','2006-02-20 11:57:01'),
('38','velit','brandyn.zieme@example.com','fa834f420cfbdbed7a58609e6d83f4489ca3cf19','22','1-321-049-94','1988-05-09 15:03:18'),
('39','ipsam','schmitt.dianna@example.com','b22d67774eb94b1dd89def238f4e405e4cd5fc19','23','(081)883-952','1976-07-22 01:45:02'),
('40','alias','farrell.maximillia@example.org','84e91eacd462d31dbea8adf082d81769a22eee51','10','1-628-592-80','2014-10-07 05:45:00'),
('41','accusantiu','hkihn@example.net','54675254c2ff2bc4e3cb12adc1248018140016a1','12','152.423.1586','2006-02-05 05:26:42'),
('42','incidunt','odessa41@example.org','44e5ce287bfaa3d25a46a401e3124e478b836085','43','+91(3)261231','2014-05-19 20:09:07'),
('43','voluptatum','yasmine.treutel@example.net','5895f1db5b2d184c036c8d58b5886ea82f92a98d','58','(061)974-531','1989-02-20 11:05:52'),
('44','sit','dmann@example.com','ab5da654fe47aaf13f771fe0d7cb0261bf7aad8c','60','1-144-959-06','2014-02-18 17:45:48'),
('45','quis','alden56@example.net','f2f71592455e2b642d1ea2b831c376eced5433ca','1','1-510-929-28','1999-09-17 01:50:07'),
('46','inventore','tommie56@example.org','abaebd41f9e0af6b201caf1c860a8859c70f2360','52','785-458-4616','2004-12-08 00:56:40'),
('47','quae','etha.purdy@example.org','6c4d4a9a636a8e515d8f482b337f143fd545b665','35','(660)423-591','1972-06-02 11:16:40'),
('48','dolores','sarah.runolfsson@example.org','be79c3c003aebd2817301fb97a942edb3dcc0b93','9','1-355-464-89','2016-03-21 19:51:25'),
('49','enim','camille31@example.net','5f5d2cdfd174c0260a8217d4a66f076feae298a0','31','668.720.1841','2006-11-14 00:44:07'),
('50','veritatis','christophe60@example.net','662e5476eddd1a739bd4acd2546b318b9993feb8','50','(525)248-849','1974-10-29 09:26:58'),
('51','eligendi','gwisozk@example.com','19bce1360ed9f931e5cff683b09efa1c1bd46e16','2','342-037-2548','1970-07-25 10:50:21'),
('52','assumenda','rory45@example.net','ac84387438068022a14163b205572cee30373e81','19','240-005-2779','2000-05-20 03:03:31'),
('53','eius','verona.eichmann@example.net','16fea0ef6285126092518413b7a34815331900a1','15','1-427-020-62','1987-03-09 23:03:02'),
('54','distinctio','delphine.labadie@example.net','b98de5e19d6c47849af45442d684e4673e8ec7b3','60','1-354-957-58','1970-06-19 20:47:08'),
('55','dolorem','nbrekke@example.com','f2b27bbbbfa74d100c0e7d671fbf7c45ac29259b','20','779-878-2931','2019-09-26 23:04:38'),
('56','ea','rocky01@example.com','e6effd076c25c974efa81b4297a0e96ba083b32b','47','887-536-1613','2008-01-22 15:15:08'),
('57','nostrum','ruecker.murphy@example.net','985abdaee63242819d742ccf1f668195590daad3','55','200.321.6477','2003-06-12 09:51:36'),
('58','eveniet','carol92@example.org','29efe1d5b9beca9b41c770366e035395291cf673','57','597.225.9662','2011-05-25 12:57:20'),
('59','omnis','jstiedemann@example.org','619da9ed27f0123d19e91f644315abad691513a6','8','506-486-5646','1984-02-25 21:28:06'),
('60','fugit','faye29@example.org','223295a7a305f7279db0bf3c364cbaf95ce39369','58','004-914-7865','1991-12-20 00:02:30'),
('61','aut','pbatz@example.org','831e1020af7c1c3d9f6000e185088f89959530db','14','(760)896-606','1996-03-27 01:32:41'),
('62','quas','zora.nolan@example.com','4814505756f562e44241cd2fb6faea9d4ad725b9','32','1-177-234-89','2018-07-25 14:02:13'),
('63','aliquam','sherman.vandervort@example.com','efa5f34736303aa6579bec056c3ddc0861ebace9','40','(837)485-905','2016-01-27 07:35:22'),
('64','quos','langosh.bessie@example.net','9fb45f3a63cef2971577a80cb2bdc73de27cfda9','53','046.104.3976','2016-01-29 00:21:40'),
('65','molestiae','karianne44@example.org','6f4592c4f267ee15e6fef0690769efebf55e1ef5','36','915-580-5077','1996-04-02 20:09:31'),
('66','suscipit','lenora22@example.net','c802c9ee64dec7c203dd13bc2b4133b2287f88f1','50','(973)922-954','2016-10-04 00:26:14'),
('67','blanditiis','rrogahn@example.com','7b31a5edc838ef8d34421c7e5d17fc845c91d5ea','6','1-807-352-27','2019-02-12 06:20:29'),
('68','iure','jast.lonnie@example.com','2ab48e9fb3e18848d9a672f695d048ef757ca69e','40','(910)903-359','1975-11-27 23:30:35'),
('69','neque','rhaley@example.com','a96a9a869b9cab603ce8e1952effc5b14aa2c576','11','(140)176-472','1997-09-23 12:50:01'),
('70','officiis','orippin@example.org','3d3660fc5d9ebda9449b3a3e8a76a6280b382037','28','290-944-9006','2007-01-23 08:44:11'),
('71','animi','lehner.raphaelle@example.org','4646233d5d6f26b71675a113587b2b7978324c3d','49','240-571-0358','1976-12-22 02:08:01'),
('72','repellendu','roob.cletus@example.org','bd113cb001baa39b0aa8d439fd5a2f3e65e516ac','23','(449)459-115','1975-12-03 01:35:41'),
('73','similique','nfay@example.com','13a260ea09034ba30c30f6e3f62b8165c0c4ec82','11','1-932-528-46','2013-09-24 23:26:06'),
('74','deserunt','jaycee.dubuque@example.com','885312213a4dd680e5534b7594bde00ff6623f8a','47','1-764-017-79','2004-03-16 22:50:09'),
('75','totam','lenora07@example.com','fd83f80d11ead5123ca13164d0431d4fd0008c45','23','05530199077','2017-10-19 07:43:57'),
('76','cumque','baylee23@example.com','79d992de8451574c8a735b8b857b869af766acc7','11','849.606.1897','1996-06-27 18:48:42'),
('77','maxime','ricardo.davis@example.org','55aadb3454e467249fc625d15557a54b2e232414','38','942-932-7426','1971-09-07 13:56:08'),
('78','dolor','fadel.adrain@example.net','238ac1bfeaf13657e5a8f16c6d61e582ee766e86','57','823-798-9059','1983-02-19 00:19:49'),
('79','sapiente','aric.maggio@example.org','78eafdf96ef892f7783b2360b83f7540fc9f07b7','20','1-935-049-22','1998-08-18 14:43:47'),
('80','expedita','bruen.jerome@example.com','bdfa8d7da9ff32b74782c265d4f635533e1da1c0','9','573.220.4213','2004-06-24 14:45:43'),
('81','perspiciat','rgulgowski@example.org','b35fab6e9d053971a1d537d15635fc66dc7d2faf','47','(411)882-250','2011-04-15 13:30:22'),
('82','rem','darius.johnson@example.org','6cfe45af5241056fcabf83c7c87feb74dd41d0c5','21','399-360-2989','2018-08-25 09:26:50'),
('83','consectetu','iarmstrong@example.com','b6906e6642dc95c5f300721cb37f758a8abc03fc','27','964-622-3906','1995-11-07 03:19:42'),
('84','mollitia','gleason.vilma@example.net','5b776e895b0845a3ed134dc55fde0a78544afdb7','1','(508)611-406','2018-10-16 10:01:56'),
('85','est','georgiana.stiedemann@example.c','4a4c23f300aa2ac6105b9dc9b64538af9897d079','20','1-483-958-18','1999-12-26 15:49:01'),
('86','aliquid','frank.gislason@example.org','b2a0d714ae4330fcc1ec6acdc55e093937cb6067','46','1-131-797-21','2014-03-12 17:20:26'),
('87','hic','jadon63@example.com','c3dfa436ef9e8de1061da093eb224d922a30e942','47','211-628-3190','1996-01-29 10:59:54'),
('88','error','karen82@example.org','d1b51270758683582a96e9bcbb6164e9967affaf','15','+28(3)582901','1981-05-29 00:50:42'),
('89','itaque','madalyn.klocko@example.com','8a77bb1247574cf01bcf637d1be8c263a048b0c7','43','1-670-705-57','1993-06-05 07:37:04'),
('90','esse','murphy.kara@example.org','f2839d1b6998e22322e240fe2ebfb8e25f243cef','55','+01(5)260348','1988-03-13 13:54:38'),
('91','libero','ulices98@example.org','ca881e4aa1ab1ad1da08161a86206dfc42db6dc0','12','(332)284-056','2019-04-07 10:04:09'),
('92','provident','reichel.milford@example.com','03afa8e698923595f6fec76e98208cb9fe556fa8','56','781-283-4137','1977-10-09 17:42:53'),
('93','sint','kozey.karen@example.com','bafbf522d294fb15c9bea7574e4da5acd8b26eb9','27','(645)232-510','1980-01-26 20:25:55'),
('94','possimus','jtreutel@example.net','a55ba48ae306ff03dc25373dc081b30bb1a4a326','51','1-418-678-68','1979-08-10 01:22:45'),
('95','nemo','hblock@example.org','4345199e6e8d536a0e423f34ea19ff00c75e7d37','49','1-217-721-78','2019-12-12 04:12:28'),
('96','vitae','lila.hickle@example.org','5b25c9e0cc94a2ece0f960f5198445c7107211d2','2','110-216-5619','1972-09-06 20:42:25'),
('97','consequunt','mary00@example.org','7d62eecdd225b1e70e468fff2774139b57fd3938','40','(624)994-167','2010-08-28 07:54:35'),
('98','porro','white.pedro@example.com','5e5f7a33789998a19787c9cc28e079081b74636c','55','1-816-004-80','1975-12-17 02:31:13'),
('99','dolorum','santino04@example.net','c49ccd61e7aa6a4a698c649ae3e971a104bb8a8f','41','508-116-2406','1976-10-17 07:30:27'),
('100','nobis','sbernier@example.org','6ae8e8cc1eae7b27a66ef8d2e52e67ca4a5e194d','51','(284)971-941','1973-02-07 20:59:21'),
('101','atque','davis.brandyn@example.org','ef8151266776316ad8ce4997f08629d8aefc241a','22','(732)678-548','1989-10-07 03:31:44'),
('102','eum','marvin22@example.net','3ce43f0c5a7b48906cec1a342b7be29bb11bdd9e','30','(419)998-359','2004-03-18 23:00:29'),
('103','harum','vkunze@example.org','3eeb32eaad4bfba8edf360addd5221842d75c294','14','(222)731-753','2018-09-22 12:53:05'),
('104','repudianda','demarcus.hane@example.org','120b6131bf2497b759298a818bdbcdd3b65983f1','33','362-797-5874','1973-06-04 23:24:13'),
('105','in','holden66@example.net','c9b9c8ae2ced605c92710dde8ff9cd0a570e1bb3','16','563-233-8360','2006-03-24 13:41:20'),
('106','magni','udoyle@example.org','fe5b0d3bf40af39d9b46313812828c52d75082eb','36','(926)546-053','1990-10-04 20:14:03'),
('107','rerum','heaven70@example.com','0204f5b11e0885b12afa408005ff420b51726e31','43','091.977.8484','1976-10-01 18:14:41'),
('108','quasi','bertram30@example.net','e41fd1a5a4123d18937341678446a159069d2250','53','+64(8)285112','2011-10-31 22:54:33'),
('109','culpa','shields.gerard@example.net','546c7ab2b6f0f2a597a7c105b2c8744b581acb00','32','1-571-276-64','1988-05-01 01:15:48'),
('110','cum','macejkovic.cyrus@example.net','9d4a85b94036187468b910cbd858f799434b40b0','2','(850)722-749','1980-07-14 17:39:31'),
('111','saepe','harber.alvina@example.net','108d7752f8b02820edbfc8898025a07b0a9b37bc','1','223.370.0007','1998-10-01 01:57:23'),
('112','asperiores','nrowe@example.org','6eb28edaa736dfc3e6b01430bc0ca68d82df1ec0','18','956.170.8555','1979-01-23 09:59:37'),
('113','sequi','garfield.hermiston@example.com','001c0bb970d14e311b10f23de60521cdcf300feb','23','662.281.7449','1976-07-11 21:47:53'),
('114','facere','fernando.brakus@example.com','bcadd38d42f91830e1827cb0a162343be5d28ff2','28','1-914-842-69','1985-05-19 03:53:57'),
('115','laboriosam','josephine.carter@example.org','dba34067824e0a2ffcfc50705d8781480bf6125c','19','1-654-328-50','2013-12-31 09:19:16'),
('116','ratione','nlubowitz@example.net','5eba1e7828297a0db24bfa2e59f4accd4b91b80d','43','1-952-643-95','1978-07-15 08:59:11'),
('117','praesentiu','daphnee.west@example.com','3f9c675481e196f674c80ccdf48dab93e6156ec9','13','798.423.8805','1975-02-21 04:57:30'),
('118','id','murazik.jeramie@example.net','e863d50da789ca906249031831c48e0b1c87b64d','5','+45(1)217147','1984-12-28 11:15:47'),
('119','illo','annetta.wehner@example.com','1aaf565808bad04b997ed574bfbfec84451d4e24','57','1-351-859-52','2004-10-12 14:33:41'),
('120','minus','icassin@example.org','baad55c13592836207f3982ce21948eca484a7e0','55','1-729-262-27','1989-08-03 13:15:19'); 




/*!40101 SET SQL_MODE=@OLD_SQL_MODE */;
/*!40014 SET FOREIGN_KEY_CHECKS=@OLD_FOREIGN_KEY_CHECKS */;
/*!40014 SET UNIQUE_CHECKS=@OLD_UNIQUE_CHECKS */;
/*!40101 SET CHARACTER_SET_CLIENT=@OLD_CHARACTER_SET_CLIENT */;
/*!40101 SET CHARACTER_SET_RESULTS=@OLD_CHARACTER_SET_RESULTS */;
/*!40101 SET COLLATION_CONNECTION=@OLD_COLLATION_CONNECTION */;
/*!40111 SET SQL_NOTES=@OLD_SQL_NOTES */;

